10,17,6,13,17,11,2,17,14,9,14,0,7,20,0,16,12,12,20,17,16,7,20,15,1,11,12,5,10,11,2,0.9165937304496765,1076I
11,17,6,13,17,11,2,17,14,9,14,0,7,20,0,16,12,12,20,17,16,7,20,15,1,11,12,5,10,11,2,0.9610772728919983,1076L
20,17,6,13,17,11,2,17,14,9,14,0,7,20,0,16,12,12,20,17,16,7,20,15,1,11,12,5,10,11,2,0.7512808442115784,1076V
13,17,6,13,17,11,2,17,14,9,14,0,7,20,0,16,12,12,20,17,16,7,20,15,1,11,12,5,10,11,2,0.818481981754303,1076M
14,17,6,13,17,11,2,17,14,9,14,0,7,20,0,16,12,12,20,17,16,7,20,15,1,11,12,5,10,11,2,0.41221892833709717,1076F
19,17,6,13,17,11,2,17,14,9,14,0,7,20,0,16,12,12,20,17,16,7,20,15,1,11,12,5,10,11,2,-0.0698469877243042,1076Y
18,17,6,13,17,11,2,17,14,9,14,0,7,20,0,16,12,12,20,17,16,7,20,15,1,11,12,5,10,11,2,-0.7153651118278503,1076W
16,17,6,13,17,11,2,17,14,9,14,0,7,20,0,16,12,12,20,17,16,7,20,15,1,11,12,5,10,11,2,0.6374570727348328,1076S
17,17,6,13,17,11,2,17,14,9,14,0,7,20,0,16,12,12,20,17,16,7,20,15,1,11,12,5,10,11,2,0.9846132397651672,1076T
4,17,6,13,17,11,2,17,14,9,14,0,7,20,0,16,12,12,20,17,16,7,20,15,1,11,12,5,10,11,2,0.3703709840774536,1076C
8,17,6,13,17,11,2,17,14,9,14,0,7,20,0,16,12,12,20,17,16,7,20,15,1,11,12,5,10,11,2,-0.09387227892875671,1076H
12,17,6,13,17,11,2,17,14,9,14,0,7,20,0,16,12,12,20,17,16,7,20,15,1,11,12,5,10,11,2,-0.43830108642578125,1076K
1,17,6,13,17,11,2,17,14,9,14,0,7,20,0,16,12,12,20,17,16,7,20,15,1,11,12,5,10,11,2,0.518399178981781,1076R
6,17,6,13,17,11,2,17,14,9,14,0,7,20,0,16,12,12,20,17,16,7,20,15,1,11,12,5,10,11,2,-0.2505485415458679,1076Q
2,17,6,13,17,11,2,17,14,9,14,0,7,20,0,16,12,12,20,17,16,7,20,15,1,11,12,5,10,11,2,1.018495798110962,1076N
3,17,6,13,17,11,2,17,14,9,14,0,7,20,0,16,12,12,20,17,16,7,20,15,1,11,12,5,10,11,2,-0.0066266488283872604,1076D
5,17,6,13,17,11,2,17,14,9,14,0,7,20,0,16,12,12,20,17,16,7,20,15,1,11,12,5,10,11,2,0.2677256464958191,1076E
7,17,6,13,17,11,2,17,14,9,14,0,7,20,0,16,12,12,20,17,16,7,20,15,1,11,12,5,10,11,2,0.5643975734710693,1076G
15,17,6,13,17,11,2,17,14,9,14,0,7,20,0,16,12,12,20,17,16,7,20,15,1,11,12,5,10,11,2,0.6088412404060364,1076P
0,0,6,13,17,11,2,17,14,9,14,0,7,20,0,16,12,12,20,17,16,7,20,15,1,11,12,5,10,11,2,-1.798742413520813,1077A
0,10,6,13,17,11,2,17,14,9,14,0,7,20,0,16,12,12,20,17,16,7,20,15,1,11,12,5,10,11,2,-0.02211964689195156,1077I
0,11,6,13,17,11,2,17,14,9,14,0,7,20,0,16,12,12,20,17,16,7,20,15,1,11,12,5,10,11,2,-1.0013822317123413,1077L
0,20,6,13,17,11,2,17,14,9,14,0,7,20,0,16,12,12,20,17,16,7,20,15,1,11,12,5,10,11,2,-0.8848604559898376,1077V
0,13,6,13,17,11,2,17,14,9,14,0,7,20,0,16,12,12,20,17,16,7,20,15,1,11,12,5,10,11,2,-0.4799462556838989,1077M
0,14,6,13,17,11,2,17,14,9,14,0,7,20,0,16,12,12,20,17,16,7,20,15,1,11,12,5,10,11,2,-2.0199625492095947,1077F
0,19,6,13,17,11,2,17,14,9,14,0,7,20,0,16,12,12,20,17,16,7,20,15,1,11,12,5,10,11,2,-1.538509488105774,1077Y
0,18,6,13,17,11,2,17,14,9,14,0,7,20,0,16,12,12,20,17,16,7,20,15,1,11,12,5,10,11,2,-1.6355061531066895,1077W
0,16,6,13,17,11,2,17,14,9,14,0,7,20,0,16,12,12,20,17,16,7,20,15,1,11,12,5,10,11,2,-1.2085602283477783,1077S
0,4,6,13,17,11,2,17,14,9,14,0,7,20,0,16,12,12,20,17,16,7,20,15,1,11,12,5,10,11,2,-0.8071059584617615,1077C
0,8,6,13,17,11,2,17,14,9,14,0,7,20,0,16,12,12,20,17,16,7,20,15,1,11,12,5,10,11,2,-1.2702606916427612,1077H
0,12,6,13,17,11,2,17,14,9,14,0,7,20,0,16,12,12,20,17,16,7,20,15,1,11,12,5,10,11,2,-1.10454261302948,1077K
0,1,6,13,17,11,2,17,14,9,14,0,7,20,0,16,12,12,20,17,16,7,20,15,1,11,12,5,10,11,2,-1.8829646110534668,1077R
0,6,6,13,17,11,2,17,14,9,14,0,7,20,0,16,12,12,20,17,16,7,20,15,1,11,12,5,10,11,2,-1.3980025053024292,1077Q
0,2,6,13,17,11,2,17,14,9,14,0,7,20,0,16,12,12,20,17,16,7,20,15,1,11,12,5,10,11,2,-0.9290124773979187,1077N
0,3,6,13,17,11,2,17,14,9,14,0,7,20,0,16,12,12,20,17,16,7,20,15,1,11,12,5,10,11,2,-1.3984179496765137,1077D
0,5,6,13,17,11,2,17,14,9,14,0,7,20,0,16,12,12,20,17,16,7,20,15,1,11,12,5,10,11,2,-1.6768347024917603,1077E
0,7,6,13,17,11,2,17,14,9,14,0,7,20,0,16,12,12,20,17,16,7,20,15,1,11,12,5,10,11,2,-1.7326489686965942,1077G
0,15,6,13,17,11,2,17,14,9,14,0,7,20,0,16,12,12,20,17,16,7,20,15,1,11,12,5,10,11,2,-1.1624373197555542,1077P
0,17,0,13,17,11,2,17,14,9,14,0,7,20,0,16,12,12,20,17,16,7,20,15,1,11,12,5,10,11,2,-2.0172510147094727,1078A
0,17,10,13,17,11,2,17,14,9,14,0,7,20,0,16,12,12,20,17,16,7,20,15,1,11,12,5,10,11,2,-1.9758204221725464,1078I
0,17,11,13,17,11,2,17,14,9,14,0,7,20,0,16,12,12,20,17,16,7,20,15,1,11,12,5,10,11,2,-1.8329482078552246,1078L
0,17,20,13,17,11,2,17,14,9,14,0,7,20,0,16,12,12,20,17,16,7,20,15,1,11,12,5,10,11,2,-2.386028528213501,1078V
0,17,13,13,17,11,2,17,14,9,14,0,7,20,0,16,12,12,20,17,16,7,20,15,1,11,12,5,10,11,2,-1.0065721273422241,1078M
0,17,14,13,17,11,2,17,14,9,14,0,7,20,0,16,12,12,20,17,16,7,20,15,1,11,12,5,10,11,2,-1.678102731704712,1078F
0,17,19,13,17,11,2,17,14,9,14,0,7,20,0,16,12,12,20,17,16,7,20,15,1,11,12,5,10,11,2,-1.8892587423324585,1078Y
0,17,18,13,17,11,2,17,14,9,14,0,7,20,0,16,12,12,20,17,16,7,20,15,1,11,12,5,10,11,2,-1.5384658575057983,1078W
0,17,16,13,17,11,2,17,14,9,14,0,7,20,0,16,12,12,20,17,16,7,20,15,1,11,12,5,10,11,2,-1.0019936561584473,1078S
0,17,17,13,17,11,2,17,14,9,14,0,7,20,0,16,12,12,20,17,16,7,20,15,1,11,12,5,10,11,2,-1.0839744806289673,1078T
0,17,4,13,17,11,2,17,14,9,14,0,7,20,0,16,12,12,20,17,16,7,20,15,1,11,12,5,10,11,2,-1.8833774328231812,1078C
0,17,8,13,17,11,2,17,14,9,14,0,7,20,0,16,12,12,20,17,16,7,20,15,1,11,12,5,10,11,2,-1.047012209892273,1078H
0,17,12,13,17,11,2,17,14,9,14,0,7,20,0,16,12,12,20,17,16,7,20,15,1,11,12,5,10,11,2,-1.0290213823318481,1078K
0,17,1,13,17,11,2,17,14,9,14,0,7,20,0,16,12,12,20,17,16,7,20,15,1,11,12,5,10,11,2,-1.2056268453598022,1078R
0,17,2,13,17,11,2,17,14,9,14,0,7,20,0,16,12,12,20,17,16,7,20,15,1,11,12,5,10,11,2,-2.0040032863616943,1078N
0,17,3,13,17,11,2,17,14,9,14,0,7,20,0,16,12,12,20,17,16,7,20,15,1,11,12,5,10,11,2,-1.9054474830627441,1078D
0,17,5,13,17,11,2,17,14,9,14,0,7,20,0,16,12,12,20,17,16,7,20,15,1,11,12,5,10,11,2,-2.0367157459259033,1078E
0,17,7,13,17,11,2,17,14,9,14,0,7,20,0,16,12,12,20,17,16,7,20,15,1,11,12,5,10,11,2,-1.8675626516342163,1078G
0,17,15,13,17,11,2,17,14,9,14,0,7,20,0,16,12,12,20,17,16,7,20,15,1,11,12,5,10,11,2,-0.754035234451294,1078P
0,17,6,0,17,11,2,17,14,9,14,0,7,20,0,16,12,12,20,17,16,7,20,15,1,11,12,5,10,11,2,0.998867928981781,1079A
0,17,6,10,17,11,2,17,14,9,14,0,7,20,0,16,12,12,20,17,16,7,20,15,1,11,12,5,10,11,2,0.3282189965248108,1079I
0,17,6,11,17,11,2,17,14,9,14,0,7,20,0,16,12,12,20,17,16,7,20,15,1,11,12,5,10,11,2,0.03714276850223541,1079L
0,17,6,20,17,11,2,17,14,9,14,0,7,20,0,16,12,12,20,17,16,7,20,15,1,11,12,5,10,11,2,0.9841451644897461,1079V
0,17,6,14,17,11,2,17,14,9,14,0,7,20,0,16,12,12,20,17,16,7,20,15,1,11,12,5,10,11,2,-0.49269503355026245,1079F
0,17,6,19,17,11,2,17,14,9,14,0,7,20,0,16,12,12,20,17,16,7,20,15,1,11,12,5,10,11,2,0.6934000849723816,1079Y
0,17,6,18,17,11,2,17,14,9,14,0,7,20,0,16,12,12,20,17,16,7,20,15,1,11,12,5,10,11,2,0.38650545477867126,1079W
0,17,6,16,17,11,2,17,14,9,14,0,7,20,0,16,12,12,20,17,16,7,20,15,1,11,12,5,10,11,2,1.0156522989273071,1079S
0,17,6,17,17,11,2,17,14,9,14,0,7,20,0,16,12,12,20,17,16,7,20,15,1,11,12,5,10,11,2,0.7343761324882507,1079T
0,17,6,4,17,11,2,17,14,9,14,0,7,20,0,16,12,12,20,17,16,7,20,15,1,11,12,5,10,11,2,0.9099894762039185,1079C
0,17,6,8,17,11,2,17,14,9,14,0,7,20,0,16,12,12,20,17,16,7,20,15,1,11,12,5,10,11,2,0.7358823418617249,1079H
0,17,6,12,17,11,2,17,14,9,14,0,7,20,0,16,12,12,20,17,16,7,20,15,1,11,12,5,10,11,2,-0.021334342658519745,1079K
0,17,6,1,17,11,2,17,14,9,14,0,7,20,0,16,12,12,20,17,16,7,20,15,1,11,12,5,10,11,2,0.9896469712257385,1079R
0,17,6,6,17,11,2,17,14,9,14,0,7,20,0,16,12,12,20,17,16,7,20,15,1,11,12,5,10,11,2,0.9238767027854919,1079Q
0,17,6,2,17,11,2,17,14,9,14,0,7,20,0,16,12,12,20,17,16,7,20,15,1,11,12,5,10,11,2,0.804534375667572,1079N
0,17,6,3,17,11,2,17,14,9,14,0,7,20,0,16,12,12,20,17,16,7,20,15,1,11,12,5,10,11,2,0.1937408298254013,1079D
0,17,6,5,17,11,2,17,14,9,14,0,7,20,0,16,12,12,20,17,16,7,20,15,1,11,12,5,10,11,2,-0.37851428985595703,1079E
0,17,6,7,17,11,2,17,14,9,14,0,7,20,0,16,12,12,20,17,16,7,20,15,1,11,12,5,10,11,2,0.6560275554656982,1079G
0,17,6,15,17,11,2,17,14,9,14,0,7,20,0,16,12,12,20,17,16,7,20,15,1,11,12,5,10,11,2,-1.9450527429580688,1079P
0,17,6,13,0,11,2,17,14,9,14,0,7,20,0,16,12,12,20,17,16,7,20,15,1,11,12,5,10,11,2,-0.9284092783927917,1080A
0,17,6,13,10,11,2,17,14,9,14,0,7,20,0,16,12,12,20,17,16,7,20,15,1,11,12,5,10,11,2,0.6174394488334656,1080I
0,17,6,13,11,11,2,17,14,9,14,0,7,20,0,16,12,12,20,17,16,7,20,15,1,11,12,5,10,11,2,0.8243207931518555,1080L
0,17,6,13,20,11,2,17,14,9,14,0,7,20,0,16,12,12,20,17,16,7,20,15,1,11,12,5,10,11,2,0.7787718176841736,1080V
0,17,6,13,13,11,2,17,14,9,14,0,7,20,0,16,12,12,20,17,16,7,20,15,1,11,12,5,10,11,2,0.9705144166946411,1080M
0,17,6,13,14,11,2,17,14,9,14,0,7,20,0,16,12,12,20,17,16,7,20,15,1,11,12,5,10,11,2,0.03713570535182953,1080F
0,17,6,13,19,11,2,17,14,9,14,0,7,20,0,16,12,12,20,17,16,7,20,15,1,11,12,5,10,11,2,-0.07511095702648163,1080Y
0,17,6,13,18,11,2,17,14,9,14,0,7,20,0,16,12,12,20,17,16,7,20,15,1,11,12,5,10,11,2,-2.1439592838287354,1080W
0,17,6,13,16,11,2,17,14,9,14,0,7,20,0,16,12,12,20,17,16,7,20,15,1,11,12,5,10,11,2,-1.058552861213684,1080S
0,17,6,13,4,11,2,17,14,9,14,0,7,20,0,16,12,12,20,17,16,7,20,15,1,11,12,5,10,11,2,-0.24372094869613647,1080C
0,17,6,13,8,11,2,17,14,9,14,0,7,20,0,16,12,12,20,17,16,7,20,15,1,11,12,5,10,11,2,-1.011136770248413,1080H
0,17,6,13,12,11,2,17,14,9,14,0,7,20,0,16,12,12,20,17,16,7,20,15,1,11,12,5,10,11,2,-2.0201027393341064,1080K
0,17,6,13,1,11,2,17,14,9,14,0,7,20,0,16,12,12,20,17,16,7,20,15,1,11,12,5,10,11,2,-1.2950292825698853,1080R
0,17,6,13,6,11,2,17,14,9,14,0,7,20,0,16,12,12,20,17,16,7,20,15,1,11,12,5,10,11,2,-0.9952285289764404,1080Q
0,17,6,13,2,11,2,17,14,9,14,0,7,20,0,16,12,12,20,17,16,7,20,15,1,11,12,5,10,11,2,-1.0927726030349731,1080N
0,17,6,13,3,11,2,17,14,9,14,0,7,20,0,16,12,12,20,17,16,7,20,15,1,11,12,5,10,11,2,-0.37552860379219055,1080D
0,17,6,13,5,11,2,17,14,9,14,0,7,20,0,16,12,12,20,17,16,7,20,15,1,11,12,5,10,11,2,-1.869718313217163,1080E
0,17,6,13,7,11,2,17,14,9,14,0,7,20,0,16,12,12,20,17,16,7,20,15,1,11,12,5,10,11,2,-1.8273013830184937,1080G
0,17,6,13,15,11,2,17,14,9,14,0,7,20,0,16,12,12,20,17,16,7,20,15,1,11,12,5,10,11,2,-1.9060825109481812,1080P
0,17,6,13,17,0,2,17,14,9,14,0,7,20,0,16,12,12,20,17,16,7,20,15,1,11,12,5,10,11,2,-2.0098319053649902,1081A
0,17,6,13,17,10,2,17,14,9,14,0,7,20,0,16,12,12,20,17,16,7,20,15,1,11,12,5,10,11,2,-2.026555299758911,1081I
0,17,6,13,17,20,2,17,14,9,14,0,7,20,0,16,12,12,20,17,16,7,20,15,1,11,12,5,10,11,2,-1.3586820363998413,1081V
0,17,6,13,17,13,2,17,14,9,14,0,7,20,0,16,12,12,20,17,16,7,20,15,1,11,12,5,10,11,2,-0.9905496835708618,1081M
0,17,6,13,17,14,2,17,14,9,14,0,7,20,0,16,12,12,20,17,16,7,20,15,1,11,12,5,10,11,2,-2.010282039642334,1081F
0,17,6,13,17,19,2,17,14,9,14,0,7,20,0,16,12,12,20,17,16,7,20,15,1,11,12,5,10,11,2,-1.9267219305038452,1081Y
0,17,6,13,17,18,2,17,14,9,14,0,7,20,0,16,12,12,20,17,16,7,20,15,1,11,12,5,10,11,2,-1.7438889741897583,1081W
0,17,6,13,17,16,2,17,14,9,14,0,7,20,0,16,12,12,20,17,16,7,20,15,1,11,12,5,10,11,2,-1.5730425119400024,1081S
0,17,6,13,17,17,2,17,14,9,14,0,7,20,0,16,12,12,20,17,16,7,20,15,1,11,12,5,10,11,2,-1.3611881732940674,1081T
0,17,6,13,17,4,2,17,14,9,14,0,7,20,0,16,12,12,20,17,16,7,20,15,1,11,12,5,10,11,2,-2.0622916221618652,1081C
0,17,6,13,17,8,2,17,14,9,14,0,7,20,0,16,12,12,20,17,16,7,20,15,1,11,12,5,10,11,2,-1.0222363471984863,1081H
0,17,6,13,17,12,2,17,14,9,14,0,7,20,0,16,12,12,20,17,16,7,20,15,1,11,12,5,10,11,2,-1.7772560119628906,1081K
0,17,6,13,17,1,2,17,14,9,14,0,7,20,0,16,12,12,20,17,16,7,20,15,1,11,12,5,10,11,2,-2.0344932079315186,1081R
0,17,6,13,17,6,2,17,14,9,14,0,7,20,0,16,12,12,20,17,16,7,20,15,1,11,12,5,10,11,2,-1.025405764579773,1081Q
0,17,6,13,17,2,2,17,14,9,14,0,7,20,0,16,12,12,20,17,16,7,20,15,1,11,12,5,10,11,2,-1.8490668535232544,1081N
0,17,6,13,17,3,2,17,14,9,14,0,7,20,0,16,12,12,20,17,16,7,20,15,1,11,12,5,10,11,2,-1.5223034620285034,1081D
0,17,6,13,17,5,2,17,14,9,14,0,7,20,0,16,12,12,20,17,16,7,20,15,1,11,12,5,10,11,2,-0.7759888768196106,1081E
0,17,6,13,17,7,2,17,14,9,14,0,7,20,0,16,12,12,20,17,16,7,20,15,1,11,12,5,10,11,2,-2.0021181106567383,1081G
0,17,6,13,17,15,2,17,14,9,14,0,7,20,0,16,12,12,20,17,16,7,20,15,1,11,12,5,10,11,2,-2.225950241088867,1081P
0,17,6,13,17,11,0,17,14,9,14,0,7,20,0,16,12,12,20,17,16,7,20,15,1,11,12,5,10,11,2,-2.0077497959136963,1082A
0,17,6,13,17,11,10,17,14,9,14,0,7,20,0,16,12,12,20,17,16,7,20,15,1,11,12,5,10,11,2,-1.2377980947494507,1082I
0,17,6,13,17,11,11,17,14,9,14,0,7,20,0,16,12,12,20,17,16,7,20,15,1,11,12,5,10,11,2,-1.7119389772415161,1082L
0,17,6,13,17,11,20,17,14,9,14,0,7,20,0,16,12,12,20,17,16,7,20,15,1,11,12,5,10,11,2,-1.803303599357605,1082V
0,17,6,13,17,11,13,17,14,9,14,0,7,20,0,16,12,12,20,17,16,7,20,15,1,11,12,5,10,11,2,-1.068814754486084,1082M
0,17,6,13,17,11,14,17,14,9,14,0,7,20,0,16,12,12,20,17,16,7,20,15,1,11,12,5,10,11,2,-1.0222301483154297,1082F
0,17,6,13,17,11,19,17,14,9,14,0,7,20,0,16,12,12,20,17,16,7,20,15,1,11,12,5,10,11,2,-0.9376735091209412,1082Y
0,17,6,13,17,11,18,17,14,9,14,0,7,20,0,16,12,12,20,17,16,7,20,15,1,11,12,5,10,11,2,-0.9935063719749451,1082W
0,17,6,13,17,11,16,17,14,9,14,0,7,20,0,16,12,12,20,17,16,7,20,15,1,11,12,5,10,11,2,-1.0033742189407349,1082S
0,17,6,13,17,11,17,17,14,9,14,0,7,20,0,16,12,12,20,17,16,7,20,15,1,11,12,5,10,11,2,-1.0367600917816162,1082T
0,17,6,13,17,11,4,17,14,9,14,0,7,20,0,16,12,12,20,17,16,7,20,15,1,11,12,5,10,11,2,-0.8383902907371521,1082C
0,17,6,13,17,11,8,17,14,9,14,0,7,20,0,16,12,12,20,17,16,7,20,15,1,11,12,5,10,11,2,-1.0404293537139893,1082H
0,17,6,13,17,11,12,17,14,9,14,0,7,20,0,16,12,12,20,17,16,7,20,15,1,11,12,5,10,11,2,-1.0083692073822021,1082K
0,17,6,13,17,11,1,17,14,9,14,0,7,20,0,16,12,12,20,17,16,7,20,15,1,11,12,5,10,11,2,-0.7293199300765991,1082R
0,17,6,13,17,11,6,17,14,9,14,0,7,20,0,16,12,12,20,17,16,7,20,15,1,11,12,5,10,11,2,-0.8948172330856323,1082Q
0,17,6,13,17,11,3,17,14,9,14,0,7,20,0,16,12,12,20,17,16,7,20,15,1,11,12,5,10,11,2,-0.10397082567214966,1082D
0,17,6,13,17,11,5,17,14,9,14,0,7,20,0,16,12,12,20,17,16,7,20,15,1,11,12,5,10,11,2,-0.6785452365875244,1082E
0,17,6,13,17,11,7,17,14,9,14,0,7,20,0,16,12,12,20,17,16,7,20,15,1,11,12,5,10,11,2,-1.8133074045181274,1082G
0,17,6,13,17,11,15,17,14,9,14,0,7,20,0,16,12,12,20,17,16,7,20,15,1,11,12,5,10,11,2,-0.8283244967460632,1082P
0,17,6,13,17,11,2,0,14,9,14,0,7,20,0,16,12,12,20,17,16,7,20,15,1,11,12,5,10,11,2,-0.6103788018226624,1083A
0,17,6,13,17,11,2,10,14,9,14,0,7,20,0,16,12,12,20,17,16,7,20,15,1,11,12,5,10,11,2,-1.756377935409546,1083I
0,17,6,13,17,11,2,11,14,9,14,0,7,20,0,16,12,12,20,17,16,7,20,15,1,11,12,5,10,11,2,-2.106565237045288,1083L
0,17,6,13,17,11,2,20,14,9,14,0,7,20,0,16,12,12,20,17,16,7,20,15,1,11,12,5,10,11,2,-0.9919998049736023,1083V
0,17,6,13,17,11,2,13,14,9,14,0,7,20,0,16,12,12,20,17,16,7,20,15,1,11,12,5,10,11,2,-1.2100764513015747,1083M
0,17,6,13,17,11,2,14,14,9,14,0,7,20,0,16,12,12,20,17,16,7,20,15,1,11,12,5,10,11,2,-1.6008249521255493,1083F
0,17,6,13,17,11,2,19,14,9,14,0,7,20,0,16,12,12,20,17,16,7,20,15,1,11,12,5,10,11,2,-2.4488470554351807,1083Y
0,17,6,13,17,11,2,18,14,9,14,0,7,20,0,16,12,12,20,17,16,7,20,15,1,11,12,5,10,11,2,-1.9380956888198853,1083W
0,17,6,13,17,11,2,16,14,9,14,0,7,20,0,16,12,12,20,17,16,7,20,15,1,11,12,5,10,11,2,-0.6140077710151672,1083S
0,17,6,13,17,11,2,4,14,9,14,0,7,20,0,16,12,12,20,17,16,7,20,15,1,11,12,5,10,11,2,-1.126339077949524,1083C
0,17,6,13,17,11,2,8,14,9,14,0,7,20,0,16,12,12,20,17,16,7,20,15,1,11,12,5,10,11,2,-1.4300100803375244,1083H
0,17,6,13,17,11,2,12,14,9,14,0,7,20,0,16,12,12,20,17,16,7,20,15,1,11,12,5,10,11,2,-1.6290696859359741,1083K
0,17,6,13,17,11,2,1,14,9,14,0,7,20,0,16,12,12,20,17,16,7,20,15,1,11,12,5,10,11,2,-0.8966216444969177,1083R
0,17,6,13,17,11,2,6,14,9,14,0,7,20,0,16,12,12,20,17,16,7,20,15,1,11,12,5,10,11,2,-0.9668923616409302,1083Q
0,17,6,13,17,11,2,2,14,9,14,0,7,20,0,16,12,12,20,17,16,7,20,15,1,11,12,5,10,11,2,-1.062948226928711,1083N
0,17,6,13,17,11,2,3,14,9,14,0,7,20,0,16,12,12,20,17,16,7,20,15,1,11,12,5,10,11,2,-1.4506348371505737,1083D
0,17,6,13,17,11,2,5,14,9,14,0,7,20,0,16,12,12,20,17,16,7,20,15,1,11,12,5,10,11,2,-2.0972740650177,1083E
0,17,6,13,17,11,2,7,14,9,14,0,7,20,0,16,12,12,20,17,16,7,20,15,1,11,12,5,10,11,2,-1.7334500551223755,1083G
0,17,6,13,17,11,2,15,14,9,14,0,7,20,0,16,12,12,20,17,16,7,20,15,1,11,12,5,10,11,2,-1.7696691751480103,1083P
0,17,6,13,17,11,2,17,0,9,14,0,7,20,0,16,12,12,20,17,16,7,20,15,1,11,12,5,10,11,2,-1.0978790521621704,1084A
0,17,6,13,17,11,2,17,10,9,14,0,7,20,0,16,12,12,20,17,16,7,20,15,1,11,12,5,10,11,2,0.9789270758628845,1084I
0,17,6,13,17,11,2,17,11,9,14,0,7,20,0,16,12,12,20,17,16,7,20,15,1,11,12,5,10,11,2,-1.169751524925232,1084L
0,17,6,13,17,11,2,17,20,9,14,0,7,20,0,16,12,12,20,17,16,7,20,15,1,11,12,5,10,11,2,-0.39493444561958313,1084V
0,17,6,13,17,11,2,17,13,9,14,0,7,20,0,16,12,12,20,17,16,7,20,15,1,11,12,5,10,11,2,-1.0019525289535522,1084M
0,17,6,13,17,11,2,17,19,9,14,0,7,20,0,16,12,12,20,17,16,7,20,15,1,11,12,5,10,11,2,-1.2105036973953247,1084Y
0,17,6,13,17,11,2,17,18,9,14,0,7,20,0,16,12,12,20,17,16,7,20,15,1,11,12,5,10,11,2,-1.0018250942230225,1084W
0,17,6,13,17,11,2,17,16,9,14,0,7,20,0,16,12,12,20,17,16,7,20,15,1,11,12,5,10,11,2,-1.0204046964645386,1084S
0,17,6,13,17,11,2,17,17,9,14,0,7,20,0,16,12,12,20,17,16,7,20,15,1,11,12,5,10,11,2,-0.9693010449409485,1084T
0,17,6,13,17,11,2,17,4,9,14,0,7,20,0,16,12,12,20,17,16,7,20,15,1,11,12,5,10,11,2,-0.486327588558197,1084C
0,17,6,13,17,11,2,17,8,9,14,0,7,20,0,16,12,12,20,17,16,7,20,15,1,11,12,5,10,11,2,-0.31645333766937256,1084H
0,17,6,13,17,11,2,17,12,9,14,0,7,20,0,16,12,12,20,17,16,7,20,15,1,11,12,5,10,11,2,-0.9085111021995544,1084K
0,17,6,13,17,11,2,17,1,9,14,0,7,20,0,16,12,12,20,17,16,7,20,15,1,11,12,5,10,11,2,-0.27110612392425537,1084R
0,17,6,13,17,11,2,17,6,9,14,0,7,20,0,16,12,12,20,17,16,7,20,15,1,11,12,5,10,11,2,-1.2071454524993896,1084Q
0,17,6,13,17,11,2,17,2,9,14,0,7,20,0,16,12,12,20,17,16,7,20,15,1,11,12,5,10,11,2,-1.021818995475769,1084N
0,17,6,13,17,11,2,17,3,9,14,0,7,20,0,16,12,12,20,17,16,7,20,15,1,11,12,5,10,11,2,-0.7870070934295654,1084D
0,17,6,13,17,11,2,17,5,9,14,0,7,20,0,16,12,12,20,17,16,7,20,15,1,11,12,5,10,11,2,-1.51431143283844,1084E
0,17,6,13,17,11,2,17,7,9,14,0,7,20,0,16,12,12,20,17,16,7,20,15,1,11,12,5,10,11,2,-0.42593300342559814,1084G
0,17,6,13,17,11,2,17,15,9,14,0,7,20,0,16,12,12,20,17,16,7,20,15,1,11,12,5,10,11,2,-1.0966864824295044,1084P
0,17,6,13,17,11,2,17,14,0,14,0,7,20,0,16,12,12,20,17,16,7,20,15,1,11,12,5,10,11,2,-2.0141401290893555,1085A
0,17,6,13,17,11,2,17,14,10,14,0,7,20,0,16,12,12,20,17,16,7,20,15,1,11,12,5,10,11,2,-1.7140637636184692,1085I
0,17,6,13,17,11,2,17,14,11,14,0,7,20,0,16,12,12,20,17,16,7,20,15,1,11,12,5,10,11,2,-0.5375350117683411,1085L
0,17,6,13,17,11,2,17,14,20,14,0,7,20,0,16,12,12,20,17,16,7,20,15,1,11,12,5,10,11,2,-2.1865487098693848,1085V
0,17,6,13,17,11,2,17,14,13,14,0,7,20,0,16,12,12,20,17,16,7,20,15,1,11,12,5,10,11,2,-0.8348240256309509,1085M
0,17,6,13,17,11,2,17,14,14,14,0,7,20,0,16,12,12,20,17,16,7,20,15,1,11,12,5,10,11,2,-1.9974663257598877,1085F
0,17,6,13,17,11,2,17,14,19,14,0,7,20,0,16,12,12,20,17,16,7,20,15,1,11,12,5,10,11,2,-1.0044177770614624,1085Y
0,17,6,13,17,11,2,17,14,18,14,0,7,20,0,16,12,12,20,17,16,7,20,15,1,11,12,5,10,11,2,-0.9675732851028442,1085W
0,17,6,13,17,11,2,17,14,16,14,0,7,20,0,16,12,12,20,17,16,7,20,15,1,11,12,5,10,11,2,-1.9117915630340576,1085S
0,17,6,13,17,11,2,17,14,17,14,0,7,20,0,16,12,12,20,17,16,7,20,15,1,11,12,5,10,11,2,-2.1249659061431885,1085T
0,17,6,13,17,11,2,17,14,4,14,0,7,20,0,16,12,12,20,17,16,7,20,15,1,11,12,5,10,11,2,-1.7280774116516113,1085C
0,17,6,13,17,11,2,17,14,12,14,0,7,20,0,16,12,12,20,17,16,7,20,15,1,11,12,5,10,11,2,-0.9431313276290894,1085K
0,17,6,13,17,11,2,17,14,1,14,0,7,20,0,16,12,12,20,17,16,7,20,15,1,11,12,5,10,11,2,-1.9195739030838013,1085R
0,17,6,13,17,11,2,17,14,6,14,0,7,20,0,16,12,12,20,17,16,7,20,15,1,11,12,5,10,11,2,-0.9942972660064697,1085Q
0,17,6,13,17,11,2,17,14,2,14,0,7,20,0,16,12,12,20,17,16,7,20,15,1,11,12,5,10,11,2,-2.012037992477417,1085N
0,17,6,13,17,11,2,17,14,3,14,0,7,20,0,16,12,12,20,17,16,7,20,15,1,11,12,5,10,11,2,-2.004150629043579,1085D
0,17,6,13,17,11,2,17,14,5,14,0,7,20,0,16,12,12,20,17,16,7,20,15,1,11,12,5,10,11,2,-1.7219175100326538,1085E
0,17,6,13,17,11,2,17,14,7,14,0,7,20,0,16,12,12,20,17,16,7,20,15,1,11,12,5,10,11,2,-1.7538496255874634,1085G
0,17,6,13,17,11,2,17,14,15,14,0,7,20,0,16,12,12,20,17,16,7,20,15,1,11,12,5,10,11,2,-1.7208945751190186,1085P
0,17,6,13,17,11,2,17,14,9,0,0,7,20,0,16,12,12,20,17,16,7,20,15,1,11,12,5,10,11,2,-1.1262298822402954,1086A
0,17,6,13,17,11,2,17,14,9,10,0,7,20,0,16,12,12,20,17,16,7,20,15,1,11,12,5,10,11,2,-0.8276905417442322,1086I
0,17,6,13,17,11,2,17,14,9,11,0,7,20,0,16,12,12,20,17,16,7,20,15,1,11,12,5,10,11,2,-0.012229030951857567,1086L
0,17,6,13,17,11,2,17,14,9,20,0,7,20,0,16,12,12,20,17,16,7,20,15,1,11,12,5,10,11,2,-1.0731171369552612,1086V
0,17,6,13,17,11,2,17,14,9,13,0,7,20,0,16,12,12,20,17,16,7,20,15,1,11,12,5,10,11,2,-0.00020135380327701569,1086M
0,17,6,13,17,11,2,17,14,9,19,0,7,20,0,16,12,12,20,17,16,7,20,15,1,11,12,5,10,11,2,-0.18839091062545776,1086Y
0,17,6,13,17,11,2,17,14,9,18,0,7,20,0,16,12,12,20,17,16,7,20,15,1,11,12,5,10,11,2,-0.8252488970756531,1086W
0,17,6,13,17,11,2,17,14,9,16,0,7,20,0,16,12,12,20,17,16,7,20,15,1,11,12,5,10,11,2,-0.9993069767951965,1086S
0,17,6,13,17,11,2,17,14,9,17,0,7,20,0,16,12,12,20,17,16,7,20,15,1,11,12,5,10,11,2,-0.7785254120826721,1086T
0,17,6,13,17,11,2,17,14,9,4,0,7,20,0,16,12,12,20,17,16,7,20,15,1,11,12,5,10,11,2,-1.020953893661499,1086C
0,17,6,13,17,11,2,17,14,9,8,0,7,20,0,16,12,12,20,17,16,7,20,15,1,11,12,5,10,11,2,-0.7768145203590393,1086H
0,17,6,13,17,11,2,17,14,9,12,0,7,20,0,16,12,12,20,17,16,7,20,15,1,11,12,5,10,11,2,-0.8772239685058594,1086K
0,17,6,13,17,11,2,17,14,9,1,0,7,20,0,16,12,12,20,17,16,7,20,15,1,11,12,5,10,11,2,-0.9228427410125732,1086R
0,17,6,13,17,11,2,17,14,9,6,0,7,20,0,16,12,12,20,17,16,7,20,15,1,11,12,5,10,11,2,-0.8350768089294434,1086Q
0,17,6,13,17,11,2,17,14,9,2,0,7,20,0,16,12,12,20,17,16,7,20,15,1,11,12,5,10,11,2,-0.815828263759613,1086N
0,17,6,13,17,11,2,17,14,9,3,0,7,20,0,16,12,12,20,17,16,7,20,15,1,11,12,5,10,11,2,-1.9237273931503296,1086D
0,17,6,13,17,11,2,17,14,9,5,0,7,20,0,16,12,12,20,17,16,7,20,15,1,11,12,5,10,11,2,-1.094260334968567,1086E
0,17,6,13,17,11,2,17,14,9,7,0,7,20,0,16,12,12,20,17,16,7,20,15,1,11,12,5,10,11,2,-2.1181929111480713,1086G
0,17,6,13,17,11,2,17,14,9,15,0,7,20,0,16,12,12,20,17,16,7,20,15,1,11,12,5,10,11,2,-1.0005956888198853,1086P
0,17,6,13,17,11,2,17,14,9,14,10,7,20,0,16,12,12,20,17,16,7,20,15,1,11,12,5,10,11,2,-1.1995090246200562,1087I
0,17,6,13,17,11,2,17,14,9,14,11,7,20,0,16,12,12,20,17,16,7,20,15,1,11,12,5,10,11,2,-2.1458494663238525,1087L
0,17,6,13,17,11,2,17,14,9,14,20,7,20,0,16,12,12,20,17,16,7,20,15,1,11,12,5,10,11,2,-1.0123530626296997,1087V
0,17,6,13,17,11,2,17,14,9,14,13,7,20,0,16,12,12,20,17,16,7,20,15,1,11,12,5,10,11,2,-2.045222520828247,1087M
0,17,6,13,17,11,2,17,14,9,14,14,7,20,0,16,12,12,20,17,16,7,20,15,1,11,12,5,10,11,2,-2.0505504608154297,1087F
0,17,6,13,17,11,2,17,14,9,14,19,7,20,0,16,12,12,20,17,16,7,20,15,1,11,12,5,10,11,2,-1.3921011686325073,1087Y
0,17,6,13,17,11,2,17,14,9,14,18,7,20,0,16,12,12,20,17,16,7,20,15,1,11,12,5,10,11,2,-1.7130964994430542,1087W
0,17,6,13,17,11,2,17,14,9,14,16,7,20,0,16,12,12,20,17,16,7,20,15,1,11,12,5,10,11,2,-1.1193711757659912,1087S
0,17,6,13,17,11,2,17,14,9,14,17,7,20,0,16,12,12,20,17,16,7,20,15,1,11,12,5,10,11,2,-1.5413609743118286,1087T
0,17,6,13,17,11,2,17,14,9,14,4,7,20,0,16,12,12,20,17,16,7,20,15,1,11,12,5,10,11,2,-2.3208446502685547,1087C
0,17,6,13,17,11,2,17,14,9,14,8,7,20,0,16,12,12,20,17,16,7,20,15,1,11,12,5,10,11,2,-1.573219656944275,1087H
0,17,6,13,17,11,2,17,14,9,14,12,7,20,0,16,12,12,20,17,16,7,20,15,1,11,12,5,10,11,2,-2.017108678817749,1087K
0,17,6,13,17,11,2,17,14,9,14,1,7,20,0,16,12,12,20,17,16,7,20,15,1,11,12,5,10,11,2,-0.9075068831443787,1087R
0,17,6,13,17,11,2,17,14,9,14,6,7,20,0,16,12,12,20,17,16,7,20,15,1,11,12,5,10,11,2,-2.134737253189087,1087Q
0,17,6,13,17,11,2,17,14,9,14,2,7,20,0,16,12,12,20,17,16,7,20,15,1,11,12,5,10,11,2,-1.56456458568573,1087N
0,17,6,13,17,11,2,17,14,9,14,3,7,20,0,16,12,12,20,17,16,7,20,15,1,11,12,5,10,11,2,-0.8673084378242493,1087D
0,17,6,13,17,11,2,17,14,9,14,5,7,20,0,16,12,12,20,17,16,7,20,15,1,11,12,5,10,11,2,-1.2986620664596558,1087E
0,17,6,13,17,11,2,17,14,9,14,7,7,20,0,16,12,12,20,17,16,7,20,15,1,11,12,5,10,11,2,-1.885445237159729,1087G
0,17,6,13,17,11,2,17,14,9,14,15,7,20,0,16,12,12,20,17,16,7,20,15,1,11,12,5,10,11,2,-2.401763439178467,1087P
0,17,6,13,17,11,2,17,14,9,14,0,0,20,0,16,12,12,20,17,16,7,20,15,1,11,12,5,10,11,2,-0.9516453146934509,1088A
0,17,6,13,17,11,2,17,14,9,14,0,10,20,0,16,12,12,20,17,16,7,20,15,1,11,12,5,10,11,2,-1.9209263324737549,1088I
0,17,6,13,17,11,2,17,14,9,14,0,11,20,0,16,12,12,20,17,16,7,20,15,1,11,12,5,10,11,2,-1.333013653755188,1088L
0,17,6,13,17,11,2,17,14,9,14,0,20,20,0,16,12,12,20,17,16,7,20,15,1,11,12,5,10,11,2,-1.5589503049850464,1088V
0,17,6,13,17,11,2,17,14,9,14,0,13,20,0,16,12,12,20,17,16,7,20,15,1,11,12,5,10,11,2,-1.966375470161438,1088M
0,17,6,13,17,11,2,17,14,9,14,0,14,20,0,16,12,12,20,17,16,7,20,15,1,11,12,5,10,11,2,-1.8099557161331177,1088F
0,17,6,13,17,11,2,17,14,9,14,0,19,20,0,16,12,12,20,17,16,7,20,15,1,11,12,5,10,11,2,-1.9432486295700073,1088Y
0,17,6,13,17,11,2,17,14,9,14,0,18,20,0,16,12,12,20,17,16,7,20,15,1,11,12,5,10,11,2,-2.113736391067505,1088W
0,17,6,13,17,11,2,17,14,9,14,0,16,20,0,16,12,12,20,17,16,7,20,15,1,11,12,5,10,11,2,-1.9504072666168213,1088S
0,17,6,13,17,11,2,17,14,9,14,0,17,20,0,16,12,12,20,17,16,7,20,15,1,11,12,5,10,11,2,-1.8152050971984863,1088T
0,17,6,13,17,11,2,17,14,9,14,0,4,20,0,16,12,12,20,17,16,7,20,15,1,11,12,5,10,11,2,-1.7783892154693604,1088C
0,17,6,13,17,11,2,17,14,9,14,0,8,20,0,16,12,12,20,17,16,7,20,15,1,11,12,5,10,11,2,-1.6320847272872925,1088H
0,17,6,13,17,11,2,17,14,9,14,0,12,20,0,16,12,12,20,17,16,7,20,15,1,11,12,5,10,11,2,-1.8388618230819702,1088K
0,17,6,13,17,11,2,17,14,9,14,0,1,20,0,16,12,12,20,17,16,7,20,15,1,11,12,5,10,11,2,-1.7502433061599731,1088R
0,17,6,13,17,11,2,17,14,9,14,0,6,20,0,16,12,12,20,17,16,7,20,15,1,11,12,5,10,11,2,-1.7705801725387573,1088Q
0,17,6,13,17,11,2,17,14,9,14,0,2,20,0,16,12,12,20,17,16,7,20,15,1,11,12,5,10,11,2,-1.6269949674606323,1088N
0,17,6,13,17,11,2,17,14,9,14,0,3,20,0,16,12,12,20,17,16,7,20,15,1,11,12,5,10,11,2,-1.2564297914505005,1088D
0,17,6,13,17,11,2,17,14,9,14,0,5,20,0,16,12,12,20,17,16,7,20,15,1,11,12,5,10,11,2,-1.754158616065979,1088E
0,17,6,13,17,11,2,17,14,9,14,0,15,20,0,16,12,12,20,17,16,7,20,15,1,11,12,5,10,11,2,-1.7072075605392456,1088P
0,17,6,13,17,11,2,17,14,9,14,0,7,0,0,16,12,12,20,17,16,7,20,15,1,11,12,5,10,11,2,-1.0030763149261475,1089A
0,17,6,13,17,11,2,17,14,9,14,0,7,10,0,16,12,12,20,17,16,7,20,15,1,11,12,5,10,11,2,0.4554764926433563,1089I
0,17,6,13,17,11,2,17,14,9,14,0,7,11,0,16,12,12,20,17,16,7,20,15,1,11,12,5,10,11,2,-0.5283492803573608,1089L
0,17,6,13,17,11,2,17,14,9,14,0,7,13,0,16,12,12,20,17,16,7,20,15,1,11,12,5,10,11,2,0.3342897295951843,1089M
0,17,6,13,17,11,2,17,14,9,14,0,7,14,0,16,12,12,20,17,16,7,20,15,1,11,12,5,10,11,2,0.013287069275975227,1089F
0,17,6,13,17,11,2,17,14,9,14,0,7,19,0,16,12,12,20,17,16,7,20,15,1,11,12,5,10,11,2,-1.4631863832473755,1089Y
0,17,6,13,17,11,2,17,14,9,14,0,7,18,0,16,12,12,20,17,16,7,20,15,1,11,12,5,10,11,2,-0.6103918552398682,1089W
0,17,6,13,17,11,2,17,14,9,14,0,7,16,0,16,12,12,20,17,16,7,20,15,1,11,12,5,10,11,2,-0.7878775000572205,1089S
0,17,6,13,17,11,2,17,14,9,14,0,7,17,0,16,12,12,20,17,16,7,20,15,1,11,12,5,10,11,2,-0.7263009548187256,1089T
0,17,6,13,17,11,2,17,14,9,14,0,7,4,0,16,12,12,20,17,16,7,20,15,1,11,12,5,10,11,2,-0.19032980501651764,1089C
0,17,6,13,17,11,2,17,14,9,14,0,7,8,0,16,12,12,20,17,16,7,20,15,1,11,12,5,10,11,2,-0.6858863830566406,1089H
0,17,6,13,17,11,2,17,14,9,14,0,7,12,0,16,12,12,20,17,16,7,20,15,1,11,12,5,10,11,2,-1.1067746877670288,1089K
0,17,6,13,17,11,2,17,14,9,14,0,7,1,0,16,12,12,20,17,16,7,20,15,1,11,12,5,10,11,2,-1.2651641368865967,1089R
0,17,6,13,17,11,2,17,14,9,14,0,7,6,0,16,12,12,20,17,16,7,20,15,1,11,12,5,10,11,2,-0.8475282192230225,1089Q
0,17,6,13,17,11,2,17,14,9,14,0,7,2,0,16,12,12,20,17,16,7,20,15,1,11,12,5,10,11,2,-0.49991849064826965,1089N
0,17,6,13,17,11,2,17,14,9,14,0,7,3,0,16,12,12,20,17,16,7,20,15,1,11,12,5,10,11,2,-0.5871279835700989,1089D
0,17,6,13,17,11,2,17,14,9,14,0,7,5,0,16,12,12,20,17,16,7,20,15,1,11,12,5,10,11,2,-0.5411329865455627,1089E
0,17,6,13,17,11,2,17,14,9,14,0,7,7,0,16,12,12,20,17,16,7,20,15,1,11,12,5,10,11,2,-0.7827417850494385,1089G
0,17,6,13,17,11,2,17,14,9,14,0,7,15,0,16,12,12,20,17,16,7,20,15,1,11,12,5,10,11,2,-1.0103545188903809,1089P
0,17,6,13,17,11,2,17,14,9,14,0,7,20,10,16,12,12,20,17,16,7,20,15,1,11,12,5,10,11,2,-0.3447616696357727,1090I
0,17,6,13,17,11,2,17,14,9,14,0,7,20,11,16,12,12,20,17,16,7,20,15,1,11,12,5,10,11,2,-0.03198661655187607,1090L
0,17,6,13,17,11,2,17,14,9,14,0,7,20,20,16,12,12,20,17,16,7,20,15,1,11,12,5,10,11,2,-0.1379016935825348,1090V
0,17,6,13,17,11,2,17,14,9,14,0,7,20,13,16,12,12,20,17,16,7,20,15,1,11,12,5,10,11,2,-0.2841188907623291,1090M
0,17,6,13,17,11,2,17,14,9,14,0,7,20,14,16,12,12,20,17,16,7,20,15,1,11,12,5,10,11,2,0.031841740012168884,1090F
0,17,6,13,17,11,2,17,14,9,14,0,7,20,19,16,12,12,20,17,16,7,20,15,1,11,12,5,10,11,2,0.12848499417304993,1090Y
0,17,6,13,17,11,2,17,14,9,14,0,7,20,18,16,12,12,20,17,16,7,20,15,1,11,12,5,10,11,2,-0.49478328227996826,1090W
0,17,6,13,17,11,2,17,14,9,14,0,7,20,16,16,12,12,20,17,16,7,20,15,1,11,12,5,10,11,2,0.007555937394499779,1090S
0,17,6,13,17,11,2,17,14,9,14,0,7,20,17,16,12,12,20,17,16,7,20,15,1,11,12,5,10,11,2,-0.25955817103385925,1090T
0,17,6,13,17,11,2,17,14,9,14,0,7,20,4,16,12,12,20,17,16,7,20,15,1,11,12,5,10,11,2,-0.10657063871622086,1090C
0,17,6,13,17,11,2,17,14,9,14,0,7,20,8,16,12,12,20,17,16,7,20,15,1,11,12,5,10,11,2,0.061971329152584076,1090H
0,17,6,13,17,11,2,17,14,9,14,0,7,20,12,16,12,12,20,17,16,7,20,15,1,11,12,5,10,11,2,-0.8242527842521667,1090K
0,17,6,13,17,11,2,17,14,9,14,0,7,20,1,16,12,12,20,17,16,7,20,15,1,11,12,5,10,11,2,-0.9901941418647766,1090R
0,17,6,13,17,11,2,17,14,9,14,0,7,20,6,16,12,12,20,17,16,7,20,15,1,11,12,5,10,11,2,-0.5331711173057556,1090Q
0,17,6,13,17,11,2,17,14,9,14,0,7,20,2,16,12,12,20,17,16,7,20,15,1,11,12,5,10,11,2,-0.10794900357723236,1090N
0,17,6,13,17,11,2,17,14,9,14,0,7,20,3,16,12,12,20,17,16,7,20,15,1,11,12,5,10,11,2,-0.22191424667835236,1090D
0,17,6,13,17,11,2,17,14,9,14,0,7,20,5,16,12,12,20,17,16,7,20,15,1,11,12,5,10,11,2,0.09486334025859833,1090E
0,17,6,13,17,11,2,17,14,9,14,0,7,20,7,16,12,12,20,17,16,7,20,15,1,11,12,5,10,11,2,-0.07913792878389359,1090G
0,17,6,13,17,11,2,17,14,9,14,0,7,20,15,16,12,12,20,17,16,7,20,15,1,11,12,5,10,11,2,-1.0064891576766968,1090P
0,17,6,13,17,11,2,17,14,9,14,0,7,20,0,0,12,12,20,17,16,7,20,15,1,11,12,5,10,11,2,-0.5921502709388733,1091A
0,17,6,13,17,11,2,17,14,9,14,0,7,20,0,10,12,12,20,17,16,7,20,15,1,11,12,5,10,11,2,-0.008376060053706169,1091I
0,17,6,13,17,11,2,17,14,9,14,0,7,20,0,11,12,12,20,17,16,7,20,15,1,11,12,5,10,11,2,-0.1885938197374344,1091L
0,17,6,13,17,11,2,17,14,9,14,0,7,20,0,20,12,12,20,17,16,7,20,15,1,11,12,5,10,11,2,0.07096462696790695,1091V
0,17,6,13,17,11,2,17,14,9,14,0,7,20,0,13,12,12,20,17,16,7,20,15,1,11,12,5,10,11,2,-0.051250144839286804,1091M
0,17,6,13,17,11,2,17,14,9,14,0,7,20,0,14,12,12,20,17,16,7,20,15,1,11,12,5,10,11,2,0.0053194183856248856,1091F
0,17,6,13,17,11,2,17,14,9,14,0,7,20,0,19,12,12,20,17,16,7,20,15,1,11,12,5,10,11,2,-0.7564051747322083,1091Y
0,17,6,13,17,11,2,17,14,9,14,0,7,20,0,18,12,12,20,17,16,7,20,15,1,11,12,5,10,11,2,-1.139813780784607,1091W
0,17,6,13,17,11,2,17,14,9,14,0,7,20,0,17,12,12,20,17,16,7,20,15,1,11,12,5,10,11,2,-0.42684102058410645,1091T
0,17,6,13,17,11,2,17,14,9,14,0,7,20,0,4,12,12,20,17,16,7,20,15,1,11,12,5,10,11,2,0.9826358556747437,1091C
0,17,6,13,17,11,2,17,14,9,14,0,7,20,0,8,12,12,20,17,16,7,20,15,1,11,12,5,10,11,2,-0.27020615339279175,1091H
0,17,6,13,17,11,2,17,14,9,14,0,7,20,0,12,12,12,20,17,16,7,20,15,1,11,12,5,10,11,2,-0.5807533264160156,1091K
0,17,6,13,17,11,2,17,14,9,14,0,7,20,0,1,12,12,20,17,16,7,20,15,1,11,12,5,10,11,2,-0.9967013597488403,1091R
0,17,6,13,17,11,2,17,14,9,14,0,7,20,0,6,12,12,20,17,16,7,20,15,1,11,12,5,10,11,2,0.12671053409576416,1091Q
0,17,6,13,17,11,2,17,14,9,14,0,7,20,0,2,12,12,20,17,16,7,20,15,1,11,12,5,10,11,2,0.9994261860847473,1091N
0,17,6,13,17,11,2,17,14,9,14,0,7,20,0,3,12,12,20,17,16,7,20,15,1,11,12,5,10,11,2,-0.0022851619869470596,1091D
0,17,6,13,17,11,2,17,14,9,14,0,7,20,0,5,12,12,20,17,16,7,20,15,1,11,12,5,10,11,2,-0.29690903425216675,1091E
0,17,6,13,17,11,2,17,14,9,14,0,7,20,0,7,12,12,20,17,16,7,20,15,1,11,12,5,10,11,2,-0.9979042410850525,1091G
0,17,6,13,17,11,2,17,14,9,14,0,7,20,0,15,12,12,20,17,16,7,20,15,1,11,12,5,10,11,2,-0.7488336563110352,1091P
0,17,6,13,17,11,2,17,14,9,14,0,7,20,0,16,0,12,20,17,16,7,20,15,1,11,12,5,10,11,2,-0.03140246868133545,1092A
0,17,6,13,17,11,2,17,14,9,14,0,7,20,0,16,10,12,20,17,16,7,20,15,1,11,12,5,10,11,2,-0.0030663292855024338,1092I
0,17,6,13,17,11,2,17,14,9,14,0,7,20,0,16,11,12,20,17,16,7,20,15,1,11,12,5,10,11,2,-0.18604250252246857,1092L
0,17,6,13,17,11,2,17,14,9,14,0,7,20,0,16,20,12,20,17,16,7,20,15,1,11,12,5,10,11,2,0.05389450490474701,1092V
0,17,6,13,17,11,2,17,14,9,14,0,7,20,0,16,13,12,20,17,16,7,20,15,1,11,12,5,10,11,2,-0.1893925666809082,1092M
0,17,6,13,17,11,2,17,14,9,14,0,7,20,0,16,14,12,20,17,16,7,20,15,1,11,12,5,10,11,2,-0.07492147386074066,1092F
0,17,6,13,17,11,2,17,14,9,14,0,7,20,0,16,19,12,20,17,16,7,20,15,1,11,12,5,10,11,2,0.5835847854614258,1092Y
0,17,6,13,17,11,2,17,14,9,14,0,7,20,0,16,18,12,20,17,16,7,20,15,1,11,12,5,10,11,2,0.9605937004089355,1092W
0,17,6,13,17,11,2,17,14,9,14,0,7,20,0,16,16,12,20,17,16,7,20,15,1,11,12,5,10,11,2,0.012411149218678474,1092S
0,17,6,13,17,11,2,17,14,9,14,0,7,20,0,16,17,12,20,17,16,7,20,15,1,11,12,5,10,11,2,-0.011759990826249123,1092T
0,17,6,13,17,11,2,17,14,9,14,0,7,20,0,16,4,12,20,17,16,7,20,15,1,11,12,5,10,11,2,-0.028468554839491844,1092C
0,17,6,13,17,11,2,17,14,9,14,0,7,20,0,16,8,12,20,17,16,7,20,15,1,11,12,5,10,11,2,0.33414342999458313,1092H
0,17,6,13,17,11,2,17,14,9,14,0,7,20,0,16,1,12,20,17,16,7,20,15,1,11,12,5,10,11,2,-0.7152377963066101,1092R
0,17,6,13,17,11,2,17,14,9,14,0,7,20,0,16,6,12,20,17,16,7,20,15,1,11,12,5,10,11,2,0.1939525008201599,1092Q
0,17,6,13,17,11,2,17,14,9,14,0,7,20,0,16,2,12,20,17,16,7,20,15,1,11,12,5,10,11,2,-0.14002040028572083,1092N
0,17,6,13,17,11,2,17,14,9,14,0,7,20,0,16,3,12,20,17,16,7,20,15,1,11,12,5,10,11,2,-0.021038224920630455,1092D
0,17,6,13,17,11,2,17,14,9,14,0,7,20,0,16,5,12,20,17,16,7,20,15,1,11,12,5,10,11,2,0.5337130427360535,1092E
0,17,6,13,17,11,2,17,14,9,14,0,7,20,0,16,7,12,20,17,16,7,20,15,1,11,12,5,10,11,2,-0.29564976692199707,1092G
0,17,6,13,17,11,2,17,14,9,14,0,7,20,0,16,15,12,20,17,16,7,20,15,1,11,12,5,10,11,2,0.6106328368186951,1092P
0,17,6,13,17,11,2,17,14,9,14,0,7,20,0,16,12,0,20,17,16,7,20,15,1,11,12,5,10,11,2,-0.018658561632037163,1093A
0,17,6,13,17,11,2,17,14,9,14,0,7,20,0,16,12,10,20,17,16,7,20,15,1,11,12,5,10,11,2,0.7984104156494141,1093I
0,17,6,13,17,11,2,17,14,9,14,0,7,20,0,16,12,11,20,17,16,7,20,15,1,11,12,5,10,11,2,0.9769440293312073,1093L
0,17,6,13,17,11,2,17,14,9,14,0,7,20,0,16,12,20,20,17,16,7,20,15,1,11,12,5,10,11,2,0.6520513296127319,1093V
0,17,6,13,17,11,2,17,14,9,14,0,7,20,0,16,12,13,20,17,16,7,20,15,1,11,12,5,10,11,2,0.987305223941803,1093M
0,17,6,13,17,11,2,17,14,9,14,0,7,20,0,16,12,14,20,17,16,7,20,15,1,11,12,5,10,11,2,0.9392776489257812,1093F
0,17,6,13,17,11,2,17,14,9,14,0,7,20,0,16,12,19,20,17,16,7,20,15,1,11,12,5,10,11,2,0.8722469210624695,1093Y
0,17,6,13,17,11,2,17,14,9,14,0,7,20,0,16,12,18,20,17,16,7,20,15,1,11,12,5,10,11,2,0.5475091338157654,1093W
0,17,6,13,17,11,2,17,14,9,14,0,7,20,0,16,12,16,20,17,16,7,20,15,1,11,12,5,10,11,2,0.014986911788582802,1093S
0,17,6,13,17,11,2,17,14,9,14,0,7,20,0,16,12,17,20,17,16,7,20,15,1,11,12,5,10,11,2,0.5422160029411316,1093T
0,17,6,13,17,11,2,17,14,9,14,0,7,20,0,16,12,4,20,17,16,7,20,15,1,11,12,5,10,11,2,0.3158503472805023,1093C
0,17,6,13,17,11,2,17,14,9,14,0,7,20,0,16,12,8,20,17,16,7,20,15,1,11,12,5,10,11,2,0.7888029217720032,1093H
0,17,6,13,17,11,2,17,14,9,14,0,7,20,0,16,12,1,20,17,16,7,20,15,1,11,12,5,10,11,2,-0.2868846654891968,1093R
0,17,6,13,17,11,2,17,14,9,14,0,7,20,0,16,12,6,20,17,16,7,20,15,1,11,12,5,10,11,2,-0.07549106329679489,1093Q
0,17,6,13,17,11,2,17,14,9,14,0,7,20,0,16,12,2,20,17,16,7,20,15,1,11,12,5,10,11,2,0.10175008326768875,1093N
0,17,6,13,17,11,2,17,14,9,14,0,7,20,0,16,12,3,20,17,16,7,20,15,1,11,12,5,10,11,2,0.0005997251719236374,1093D
0,17,6,13,17,11,2,17,14,9,14,0,7,20,0,16,12,5,20,17,16,7,20,15,1,11,12,5,10,11,2,-0.2656191289424896,1093E
0,17,6,13,17,11,2,17,14,9,14,0,7,20,0,16,12,7,20,17,16,7,20,15,1,11,12,5,10,11,2,0.3280133306980133,1093G
0,17,6,13,17,11,2,17,14,9,14,0,7,20,0,16,12,15,20,17,16,7,20,15,1,11,12,5,10,11,2,-0.32889991998672485,1093P
0,17,6,13,17,11,2,17,14,9,14,0,7,20,0,16,12,12,0,17,16,7,20,15,1,11,12,5,10,11,2,-0.9946527481079102,1094A
0,17,6,13,17,11,2,17,14,9,14,0,7,20,0,16,12,12,10,17,16,7,20,15,1,11,12,5,10,11,2,-0.1288985311985016,1094I
0,17,6,13,17,11,2,17,14,9,14,0,7,20,0,16,12,12,11,17,16,7,20,15,1,11,12,5,10,11,2,-0.7605908513069153,1094L
0,17,6,13,17,11,2,17,14,9,14,0,7,20,0,16,12,12,13,17,16,7,20,15,1,11,12,5,10,11,2,-0.5034819841384888,1094M
0,17,6,13,17,11,2,17,14,9,14,0,7,20,0,16,12,12,14,17,16,7,20,15,1,11,12,5,10,11,2,-1.1182905435562134,1094F
0,17,6,13,17,11,2,17,14,9,14,0,7,20,0,16,12,12,19,17,16,7,20,15,1,11,12,5,10,11,2,-0.8212694525718689,1094Y
0,17,6,13,17,11,2,17,14,9,14,0,7,20,0,16,12,12,18,17,16,7,20,15,1,11,12,5,10,11,2,-1.347529411315918,1094W
0,17,6,13,17,11,2,17,14,9,14,0,7,20,0,16,12,12,16,17,16,7,20,15,1,11,12,5,10,11,2,-0.6967188715934753,1094S
0,17,6,13,17,11,2,17,14,9,14,0,7,20,0,16,12,12,17,17,16,7,20,15,1,11,12,5,10,11,2,-0.6235918998718262,1094T
0,17,6,13,17,11,2,17,14,9,14,0,7,20,0,16,12,12,4,17,16,7,20,15,1,11,12,5,10,11,2,-0.9510388970375061,1094C
0,17,6,13,17,11,2,17,14,9,14,0,7,20,0,16,12,12,8,17,16,7,20,15,1,11,12,5,10,11,2,-1.148624062538147,1094H
0,17,6,13,17,11,2,17,14,9,14,0,7,20,0,16,12,12,12,17,16,7,20,15,1,11,12,5,10,11,2,-0.8641038537025452,1094K
0,17,6,13,17,11,2,17,14,9,14,0,7,20,0,16,12,12,1,17,16,7,20,15,1,11,12,5,10,11,2,-0.9941971302032471,1094R
0,17,6,13,17,11,2,17,14,9,14,0,7,20,0,16,12,12,6,17,16,7,20,15,1,11,12,5,10,11,2,-0.8894950747489929,1094Q
0,17,6,13,17,11,2,17,14,9,14,0,7,20,0,16,12,12,2,17,16,7,20,15,1,11,12,5,10,11,2,-1.034993052482605,1094N
0,17,6,13,17,11,2,17,14,9,14,0,7,20,0,16,12,12,3,17,16,7,20,15,1,11,12,5,10,11,2,-0.9976771473884583,1094D
0,17,6,13,17,11,2,17,14,9,14,0,7,20,0,16,12,12,5,17,16,7,20,15,1,11,12,5,10,11,2,-1.0857504606246948,1094E
0,17,6,13,17,11,2,17,14,9,14,0,7,20,0,16,12,12,7,17,16,7,20,15,1,11,12,5,10,11,2,-0.840877115726471,1094G
0,17,6,13,17,11,2,17,14,9,14,0,7,20,0,16,12,12,15,17,16,7,20,15,1,11,12,5,10,11,2,-0.6766658425331116,1094P
0,17,6,13,17,11,2,17,14,9,14,0,7,20,0,16,12,12,20,0,16,7,20,15,1,11,12,5,10,11,2,0.04930835962295532,1095A
0,17,6,13,17,11,2,17,14,9,14,0,7,20,0,16,12,12,20,10,16,7,20,15,1,11,12,5,10,11,2,0.22639256715774536,1095I
0,17,6,13,17,11,2,17,14,9,14,0,7,20,0,16,12,12,20,11,16,7,20,15,1,11,12,5,10,11,2,-0.2067011594772339,1095L
0,17,6,13,17,11,2,17,14,9,14,0,7,20,0,16,12,12,20,20,16,7,20,15,1,11,12,5,10,11,2,0.07000593841075897,1095V
0,17,6,13,17,11,2,17,14,9,14,0,7,20,0,16,12,12,20,13,16,7,20,15,1,11,12,5,10,11,2,-0.005879014730453491,1095M
0,17,6,13,17,11,2,17,14,9,14,0,7,20,0,16,12,12,20,14,16,7,20,15,1,11,12,5,10,11,2,0.005281450226902962,1095F
0,17,6,13,17,11,2,17,14,9,14,0,7,20,0,16,12,12,20,19,16,7,20,15,1,11,12,5,10,11,2,0.204636812210083,1095Y
0,17,6,13,17,11,2,17,14,9,14,0,7,20,0,16,12,12,20,18,16,7,20,15,1,11,12,5,10,11,2,-0.03770500421524048,1095W
0,17,6,13,17,11,2,17,14,9,14,0,7,20,0,16,12,12,20,16,16,7,20,15,1,11,12,5,10,11,2,-0.03373680263757706,1095S
0,17,6,13,17,11,2,17,14,9,14,0,7,20,0,16,12,12,20,4,16,7,20,15,1,11,12,5,10,11,2,-0.7166966199874878,1095C
0,17,6,13,17,11,2,17,14,9,14,0,7,20,0,16,12,12,20,8,16,7,20,15,1,11,12,5,10,11,2,0.47729820013046265,1095H
0,17,6,13,17,11,2,17,14,9,14,0,7,20,0,16,12,12,20,12,16,7,20,15,1,11,12,5,10,11,2,-0.1770971119403839,1095K
0,17,6,13,17,11,2,17,14,9,14,0,7,20,0,16,12,12,20,1,16,7,20,15,1,11,12,5,10,11,2,0.8254398703575134,1095R
0,17,6,13,17,11,2,17,14,9,14,0,7,20,0,16,12,12,20,6,16,7,20,15,1,11,12,5,10,11,2,0.21708473563194275,1095Q
0,17,6,13,17,11,2,17,14,9,14,0,7,20,0,16,12,12,20,2,16,7,20,15,1,11,12,5,10,11,2,-0.1409350335597992,1095N
0,17,6,13,17,11,2,17,14,9,14,0,7,20,0,16,12,12,20,3,16,7,20,15,1,11,12,5,10,11,2,0.5339202284812927,1095D
0,17,6,13,17,11,2,17,14,9,14,0,7,20,0,16,12,12,20,5,16,7,20,15,1,11,12,5,10,11,2,0.03216561675071716,1095E
0,17,6,13,17,11,2,17,14,9,14,0,7,20,0,16,12,12,20,7,16,7,20,15,1,11,12,5,10,11,2,0.5669650435447693,1095G
0,17,6,13,17,11,2,17,14,9,14,0,7,20,0,16,12,12,20,15,16,7,20,15,1,11,12,5,10,11,2,-0.024010879918932915,1095P
0,17,6,13,17,11,2,17,14,9,14,0,7,20,0,16,12,12,20,17,0,7,20,15,1,11,12,5,10,11,2,0.05019374191761017,1096A
0,17,6,13,17,11,2,17,14,9,14,0,7,20,0,16,12,12,20,17,10,7,20,15,1,11,12,5,10,11,2,0.2833395004272461,1096I
0,17,6,13,17,11,2,17,14,9,14,0,7,20,0,16,12,12,20,17,11,7,20,15,1,11,12,5,10,11,2,-0.05969148129224777,1096L
0,17,6,13,17,11,2,17,14,9,14,0,7,20,0,16,12,12,20,17,20,7,20,15,1,11,12,5,10,11,2,-0.0727541372179985,1096V
0,17,6,13,17,11,2,17,14,9,14,0,7,20,0,16,12,12,20,17,13,7,20,15,1,11,12,5,10,11,2,-0.08542995154857635,1096M
0,17,6,13,17,11,2,17,14,9,14,0,7,20,0,16,12,12,20,17,14,7,20,15,1,11,12,5,10,11,2,0.843447744846344,1096F
0,17,6,13,17,11,2,17,14,9,14,0,7,20,0,16,12,12,20,17,19,7,20,15,1,11,12,5,10,11,2,0.7054504156112671,1096Y
0,17,6,13,17,11,2,17,14,9,14,0,7,20,0,16,12,12,20,17,18,7,20,15,1,11,12,5,10,11,2,0.984046220779419,1096W
0,17,6,13,17,11,2,17,14,9,14,0,7,20,0,16,12,12,20,17,17,7,20,15,1,11,12,5,10,11,2,-0.14027363061904907,1096T
0,17,6,13,17,11,2,17,14,9,14,0,7,20,0,16,12,12,20,17,4,7,20,15,1,11,12,5,10,11,2,0.05777881294488907,1096C
0,17,6,13,17,11,2,17,14,9,14,0,7,20,0,16,12,12,20,17,8,7,20,15,1,11,12,5,10,11,2,0.851324737071991,1096H
0,17,6,13,17,11,2,17,14,9,14,0,7,20,0,16,12,12,20,17,12,7,20,15,1,11,12,5,10,11,2,-0.008612481877207756,1096K
0,17,6,13,17,11,2,17,14,9,14,0,7,20,0,16,12,12,20,17,1,7,20,15,1,11,12,5,10,11,2,-0.2601607143878937,1096R
0,17,6,13,17,11,2,17,14,9,14,0,7,20,0,16,12,12,20,17,6,7,20,15,1,11,12,5,10,11,2,0.20422357320785522,1096Q
0,17,6,13,17,11,2,17,14,9,14,0,7,20,0,16,12,12,20,17,2,7,20,15,1,11,12,5,10,11,2,0.17984545230865479,1096N
0,17,6,13,17,11,2,17,14,9,14,0,7,20,0,16,12,12,20,17,3,7,20,15,1,11,12,5,10,11,2,0.8462400436401367,1096D
0,17,6,13,17,11,2,17,14,9,14,0,7,20,0,16,12,12,20,17,5,7,20,15,1,11,12,5,10,11,2,0.9662718176841736,1096E
0,17,6,13,17,11,2,17,14,9,14,0,7,20,0,16,12,12,20,17,7,7,20,15,1,11,12,5,10,11,2,-0.6467294096946716,1096G
0,17,6,13,17,11,2,17,14,9,14,0,7,20,0,16,12,12,20,17,15,7,20,15,1,11,12,5,10,11,2,0.021170707419514656,1096P
0,17,6,13,17,11,2,17,14,9,14,0,7,20,0,16,12,12,20,17,16,0,20,15,1,11,12,5,10,11,2,-0.028353435918688774,1097A
0,17,6,13,17,11,2,17,14,9,14,0,7,20,0,16,12,12,20,17,16,10,20,15,1,11,12,5,10,11,2,0.032315462827682495,1097I
0,17,6,13,17,11,2,17,14,9,14,0,7,20,0,16,12,12,20,17,16,11,20,15,1,11,12,5,10,11,2,0.4098230302333832,1097L
0,17,6,13,17,11,2,17,14,9,14,0,7,20,0,16,12,12,20,17,16,20,20,15,1,11,12,5,10,11,2,0.09552556276321411,1097V
0,17,6,13,17,11,2,17,14,9,14,0,7,20,0,16,12,12,20,17,16,13,20,15,1,11,12,5,10,11,2,0.06977841258049011,1097M
0,17,6,13,17,11,2,17,14,9,14,0,7,20,0,16,12,12,20,17,16,14,20,15,1,11,12,5,10,11,2,0.4769074320793152,1097F
0,17,6,13,17,11,2,17,14,9,14,0,7,20,0,16,12,12,20,17,16,19,20,15,1,11,12,5,10,11,2,-0.1598532795906067,1097Y
0,17,6,13,17,11,2,17,14,9,14,0,7,20,0,16,12,12,20,17,16,18,20,15,1,11,12,5,10,11,2,0.1667466163635254,1097W
0,17,6,13,17,11,2,17,14,9,14,0,7,20,0,16,12,12,20,17,16,16,20,15,1,11,12,5,10,11,2,0.3272763192653656,1097S
0,17,6,13,17,11,2,17,14,9,14,0,7,20,0,16,12,12,20,17,16,17,20,15,1,11,12,5,10,11,2,0.270263135433197,1097T
0,17,6,13,17,11,2,17,14,9,14,0,7,20,0,16,12,12,20,17,16,4,20,15,1,11,12,5,10,11,2,0.3977450728416443,1097C
0,17,6,13,17,11,2,17,14,9,14,0,7,20,0,16,12,12,20,17,16,8,20,15,1,11,12,5,10,11,2,0.9123057126998901,1097H
0,17,6,13,17,11,2,17,14,9,14,0,7,20,0,16,12,12,20,17,16,12,20,15,1,11,12,5,10,11,2,-0.5433865189552307,1097K
0,17,6,13,17,11,2,17,14,9,14,0,7,20,0,16,12,12,20,17,16,1,20,15,1,11,12,5,10,11,2,-0.3277783989906311,1097R
0,17,6,13,17,11,2,17,14,9,14,0,7,20,0,16,12,12,20,17,16,6,20,15,1,11,12,5,10,11,2,0.5195344090461731,1097Q
0,17,6,13,17,11,2,17,14,9,14,0,7,20,0,16,12,12,20,17,16,2,20,15,1,11,12,5,10,11,2,0.38227182626724243,1097N
0,17,6,13,17,11,2,17,14,9,14,0,7,20,0,16,12,12,20,17,16,3,20,15,1,11,12,5,10,11,2,0.9970634579658508,1097D
0,17,6,13,17,11,2,17,14,9,14,0,7,20,0,16,12,12,20,17,16,5,20,15,1,11,12,5,10,11,2,0.9595702290534973,1097E
0,17,6,13,17,11,2,17,14,9,14,0,7,20,0,16,12,12,20,17,16,15,20,15,1,11,12,5,10,11,2,-1.0030757188796997,1097P
0,17,6,13,17,11,2,17,14,9,14,0,7,20,0,16,12,12,20,17,16,7,0,15,1,11,12,5,10,11,2,-0.6150954365730286,1098A
0,17,6,13,17,11,2,17,14,9,14,0,7,20,0,16,12,12,20,17,16,7,10,15,1,11,12,5,10,11,2,0.0701591968536377,1098I
0,17,6,13,17,11,2,17,14,9,14,0,7,20,0,16,12,12,20,17,16,7,11,15,1,11,12,5,10,11,2,-0.7312185168266296,1098L
0,17,6,13,17,11,2,17,14,9,14,0,7,20,0,16,12,12,20,17,16,7,13,15,1,11,12,5,10,11,2,0.14175409078598022,1098M
0,17,6,13,17,11,2,17,14,9,14,0,7,20,0,16,12,12,20,17,16,7,14,15,1,11,12,5,10,11,2,-0.24671287834644318,1098F
0,17,6,13,17,11,2,17,14,9,14,0,7,20,0,16,12,12,20,17,16,7,19,15,1,11,12,5,10,11,2,-0.6704262495040894,1098Y
0,17,6,13,17,11,2,17,14,9,14,0,7,20,0,16,12,12,20,17,16,7,18,15,1,11,12,5,10,11,2,-0.8051677346229553,1098W
0,17,6,13,17,11,2,17,14,9,14,0,7,20,0,16,12,12,20,17,16,7,16,15,1,11,12,5,10,11,2,-0.595009446144104,1098S
0,17,6,13,17,11,2,17,14,9,14,0,7,20,0,16,12,12,20,17,16,7,17,15,1,11,12,5,10,11,2,0.8879701495170593,1098T
0,17,6,13,17,11,2,17,14,9,14,0,7,20,0,16,12,12,20,17,16,7,4,15,1,11,12,5,10,11,2,-0.47381114959716797,1098C
0,17,6,13,17,11,2,17,14,9,14,0,7,20,0,16,12,12,20,17,16,7,8,15,1,11,12,5,10,11,2,0.1980731189250946,1098H
0,17,6,13,17,11,2,17,14,9,14,0,7,20,0,16,12,12,20,17,16,7,12,15,1,11,12,5,10,11,2,-0.6660786271095276,1098K
0,17,6,13,17,11,2,17,14,9,14,0,7,20,0,16,12,12,20,17,16,7,1,15,1,11,12,5,10,11,2,-0.9865666031837463,1098R
0,17,6,13,17,11,2,17,14,9,14,0,7,20,0,16,12,12,20,17,16,7,6,15,1,11,12,5,10,11,2,-0.43111687898635864,1098Q
0,17,6,13,17,11,2,17,14,9,14,0,7,20,0,16,12,12,20,17,16,7,2,15,1,11,12,5,10,11,2,0.7443858981132507,1098N
0,17,6,13,17,11,2,17,14,9,14,0,7,20,0,16,12,12,20,17,16,7,3,15,1,11,12,5,10,11,2,-0.7660380005836487,1098D
0,17,6,13,17,11,2,17,14,9,14,0,7,20,0,16,12,12,20,17,16,7,5,15,1,11,12,5,10,11,2,-0.9662559628486633,1098E
0,17,6,13,17,11,2,17,14,9,14,0,7,20,0,16,12,12,20,17,16,7,7,15,1,11,12,5,10,11,2,-0.4445739686489105,1098G
0,17,6,13,17,11,2,17,14,9,14,0,7,20,0,16,12,12,20,17,16,7,15,15,1,11,12,5,10,11,2,-0.6583326458930969,1098P
0,17,6,13,17,11,2,17,14,9,14,0,7,20,0,16,12,12,20,17,16,7,20,0,1,11,12,5,10,11,2,-0.6532061100006104,1099A
0,17,6,13,17,11,2,17,14,9,14,0,7,20,0,16,12,12,20,17,16,7,20,10,1,11,12,5,10,11,2,-0.9600431323051453,1099I
0,17,6,13,17,11,2,17,14,9,14,0,7,20,0,16,12,12,20,17,16,7,20,11,1,11,12,5,10,11,2,-0.9631567597389221,1099L
0,17,6,13,17,11,2,17,14,9,14,0,7,20,0,16,12,12,20,17,16,7,20,20,1,11,12,5,10,11,2,-0.9889199733734131,1099V
0,17,6,13,17,11,2,17,14,9,14,0,7,20,0,16,12,12,20,17,16,7,20,13,1,11,12,5,10,11,2,-0.9386271834373474,1099M
0,17,6,13,17,11,2,17,14,9,14,0,7,20,0,16,12,12,20,17,16,7,20,14,1,11,12,5,10,11,2,-0.9948770403862,1099F
0,17,6,13,17,11,2,17,14,9,14,0,7,20,0,16,12,12,20,17,16,7,20,19,1,11,12,5,10,11,2,-0.9978655576705933,1099Y
0,17,6,13,17,11,2,17,14,9,14,0,7,20,0,16,12,12,20,17,16,7,20,18,1,11,12,5,10,11,2,-0.916445255279541,1099W
0,17,6,13,17,11,2,17,14,9,14,0,7,20,0,16,12,12,20,17,16,7,20,16,1,11,12,5,10,11,2,-0.8687214851379395,1099S
0,17,6,13,17,11,2,17,14,9,14,0,7,20,0,16,12,12,20,17,16,7,20,17,1,11,12,5,10,11,2,-1.0041252374649048,1099T
0,17,6,13,17,11,2,17,14,9,14,0,7,20,0,16,12,12,20,17,16,7,20,4,1,11,12,5,10,11,2,-1.0012105703353882,1099C
0,17,6,13,17,11,2,17,14,9,14,0,7,20,0,16,12,12,20,17,16,7,20,8,1,11,12,5,10,11,2,-0.9724006652832031,1099H
0,17,6,13,17,11,2,17,14,9,14,0,7,20,0,16,12,12,20,17,16,7,20,12,1,11,12,5,10,11,2,-0.7766937613487244,1099K
0,17,6,13,17,11,2,17,14,9,14,0,7,20,0,16,12,12,20,17,16,7,20,1,1,11,12,5,10,11,2,-0.7646979093551636,1099R
0,17,6,13,17,11,2,17,14,9,14,0,7,20,0,16,12,12,20,17,16,7,20,6,1,11,12,5,10,11,2,-0.48819273710250854,1099Q
0,17,6,13,17,11,2,17,14,9,14,0,7,20,0,16,12,12,20,17,16,7,20,2,1,11,12,5,10,11,2,-0.7206559181213379,1099N
0,17,6,13,17,11,2,17,14,9,14,0,7,20,0,16,12,12,20,17,16,7,20,3,1,11,12,5,10,11,2,-0.8361013531684875,1099D
0,17,6,13,17,11,2,17,14,9,14,0,7,20,0,16,12,12,20,17,16,7,20,5,1,11,12,5,10,11,2,-0.9398887157440186,1099E
0,17,6,13,17,11,2,17,14,9,14,0,7,20,0,16,12,12,20,17,16,7,20,7,1,11,12,5,10,11,2,-0.6469535827636719,1099G
0,17,6,13,17,11,2,17,14,9,14,0,7,20,0,16,12,12,20,17,16,7,20,15,0,11,12,5,10,11,2,-0.015001175925135612,1100A
0,17,6,13,17,11,2,17,14,9,14,0,7,20,0,16,12,12,20,17,16,7,20,15,10,11,12,5,10,11,2,0.9834824204444885,1100I
0,17,6,13,17,11,2,17,14,9,14,0,7,20,0,16,12,12,20,17,16,7,20,15,11,11,12,5,10,11,2,0.3450411260128021,1100L
0,17,6,13,17,11,2,17,14,9,14,0,7,20,0,16,12,12,20,17,16,7,20,15,20,11,12,5,10,11,2,0.35972505807876587,1100V
0,17,6,13,17,11,2,17,14,9,14,0,7,20,0,16,12,12,20,17,16,7,20,15,13,11,12,5,10,11,2,0.5445836782455444,1100M
0,17,6,13,17,11,2,17,14,9,14,0,7,20,0,16,12,12,20,17,16,7,20,15,14,11,12,5,10,11,2,-0.14870168268680573,1100F
0,17,6,13,17,11,2,17,14,9,14,0,7,20,0,16,12,12,20,17,16,7,20,15,19,11,12,5,10,11,2,0.25721311569213867,1100Y
0,17,6,13,17,11,2,17,14,9,14,0,7,20,0,16,12,12,20,17,16,7,20,15,18,11,12,5,10,11,2,-0.879905641078949,1100W
0,17,6,13,17,11,2,17,14,9,14,0,7,20,0,16,12,12,20,17,16,7,20,15,16,11,12,5,10,11,2,-0.30931127071380615,1100S
0,17,6,13,17,11,2,17,14,9,14,0,7,20,0,16,12,12,20,17,16,7,20,15,17,11,12,5,10,11,2,0.2953137159347534,1100T
0,17,6,13,17,11,2,17,14,9,14,0,7,20,0,16,12,12,20,17,16,7,20,15,4,11,12,5,10,11,2,0.20395129919052124,1100C
0,17,6,13,17,11,2,17,14,9,14,0,7,20,0,16,12,12,20,17,16,7,20,15,8,11,12,5,10,11,2,0.6406513452529907,1100H
0,17,6,13,17,11,2,17,14,9,14,0,7,20,0,16,12,12,20,17,16,7,20,15,12,11,12,5,10,11,2,0.28405046463012695,1100K
0,17,6,13,17,11,2,17,14,9,14,0,7,20,0,16,12,12,20,17,16,7,20,15,6,11,12,5,10,11,2,0.9348350167274475,1100Q
0,17,6,13,17,11,2,17,14,9,14,0,7,20,0,16,12,12,20,17,16,7,20,15,2,11,12,5,10,11,2,0.3232298493385315,1100N
0,17,6,13,17,11,2,17,14,9,14,0,7,20,0,16,12,12,20,17,16,7,20,15,3,11,12,5,10,11,2,-0.4281664192676544,1100D
0,17,6,13,17,11,2,17,14,9,14,0,7,20,0,16,12,12,20,17,16,7,20,15,5,11,12,5,10,11,2,-0.0033963005989789963,1100E
0,17,6,13,17,11,2,17,14,9,14,0,7,20,0,16,12,12,20,17,16,7,20,15,7,11,12,5,10,11,2,-0.021887345239520073,1100G
0,17,6,13,17,11,2,17,14,9,14,0,7,20,0,16,12,12,20,17,16,7,20,15,15,11,12,5,10,11,2,-0.7915796041488647,1100P
0,17,6,13,17,11,2,17,14,9,14,0,7,20,0,16,12,12,20,17,16,7,20,15,1,0,12,5,10,11,2,0.24311473965644836,1101A
0,17,6,13,17,11,2,17,14,9,14,0,7,20,0,16,12,12,20,17,16,7,20,15,1,10,12,5,10,11,2,0.04372508078813553,1101I
0,17,6,13,17,11,2,17,14,9,14,0,7,20,0,16,12,12,20,17,16,7,20,15,1,20,12,5,10,11,2,-0.011115897446870804,1101V
0,17,6,13,17,11,2,17,14,9,14,0,7,20,0,16,12,12,20,17,16,7,20,15,1,13,12,5,10,11,2,0.5756592154502869,1101M
0,17,6,13,17,11,2,17,14,9,14,0,7,20,0,16,12,12,20,17,16,7,20,15,1,14,12,5,10,11,2,0.5273441672325134,1101F
0,17,6,13,17,11,2,17,14,9,14,0,7,20,0,16,12,12,20,17,16,7,20,15,1,19,12,5,10,11,2,-0.29265904426574707,1101Y
0,17,6,13,17,11,2,17,14,9,14,0,7,20,0,16,12,12,20,17,16,7,20,15,1,18,12,5,10,11,2,-0.14762583374977112,1101W
0,17,6,13,17,11,2,17,14,9,14,0,7,20,0,16,12,12,20,17,16,7,20,15,1,16,12,5,10,11,2,0.9964844584465027,1101S
0,17,6,13,17,11,2,17,14,9,14,0,7,20,0,16,12,12,20,17,16,7,20,15,1,17,12,5,10,11,2,0.872599720954895,1101T
0,17,6,13,17,11,2,17,14,9,14,0,7,20,0,16,12,12,20,17,16,7,20,15,1,4,12,5,10,11,2,0.7313136458396912,1101C
0,17,6,13,17,11,2,17,14,9,14,0,7,20,0,16,12,12,20,17,16,7,20,15,1,8,12,5,10,11,2,0.9868436455726624,1101H
0,17,6,13,17,11,2,17,14,9,14,0,7,20,0,16,12,12,20,17,16,7,20,15,1,12,12,5,10,11,2,0.06343001127243042,1101K
0,17,6,13,17,11,2,17,14,9,14,0,7,20,0,16,12,12,20,17,16,7,20,15,1,1,12,5,10,11,2,-1.5251555442810059,1101R
0,17,6,13,17,11,2,17,14,9,14,0,7,20,0,16,12,12,20,17,16,7,20,15,1,6,12,5,10,11,2,0.8219402432441711,1101Q
0,17,6,13,17,11,2,17,14,9,14,0,7,20,0,16,12,12,20,17,16,7,20,15,1,2,12,5,10,11,2,0.5645173192024231,1101N
0,17,6,13,17,11,2,17,14,9,14,0,7,20,0,16,12,12,20,17,16,7,20,15,1,3,12,5,10,11,2,-0.9436295032501221,1101D
0,17,6,13,17,11,2,17,14,9,14,0,7,20,0,16,12,12,20,17,16,7,20,15,1,5,12,5,10,11,2,0.9844740033149719,1101E
0,17,6,13,17,11,2,17,14,9,14,0,7,20,0,16,12,12,20,17,16,7,20,15,1,7,12,5,10,11,2,-0.22822195291519165,1101G
0,17,6,13,17,11,2,17,14,9,14,0,7,20,0,16,12,12,20,17,16,7,20,15,1,15,12,5,10,11,2,-1.0339703559875488,1101P
0,17,6,13,17,11,2,17,14,9,14,0,7,20,0,16,12,12,20,17,16,7,20,15,1,11,0,5,10,11,2,-0.000855783000588417,1102A
0,17,6,13,17,11,2,17,14,9,14,0,7,20,0,16,12,12,20,17,16,7,20,15,1,11,10,5,10,11,2,-0.1108480840921402,1102I
0,17,6,13,17,11,2,17,14,9,14,0,7,20,0,16,12,12,20,17,16,7,20,15,1,11,11,5,10,11,2,0.0054109785705804825,1102L
0,17,6,13,17,11,2,17,14,9,14,0,7,20,0,16,12,12,20,17,16,7,20,15,1,11,20,5,10,11,2,-0.2196177840232849,1102V
0,17,6,13,17,11,2,17,14,9,14,0,7,20,0,16,12,12,20,17,16,7,20,15,1,11,13,5,10,11,2,-0.38160061836242676,1102M
0,17,6,13,17,11,2,17,14,9,14,0,7,20,0,16,12,12,20,17,16,7,20,15,1,11,14,5,10,11,2,-0.27831560373306274,1102F
0,17,6,13,17,11,2,17,14,9,14,0,7,20,0,16,12,12,20,17,16,7,20,15,1,11,19,5,10,11,2,-0.22355510294437408,1102Y
0,17,6,13,17,11,2,17,14,9,14,0,7,20,0,16,12,12,20,17,16,7,20,15,1,11,18,5,10,11,2,-0.5463023781776428,1102W
0,17,6,13,17,11,2,17,14,9,14,0,7,20,0,16,12,12,20,17,16,7,20,15,1,11,16,5,10,11,2,-0.311246395111084,1102S
0,17,6,13,17,11,2,17,14,9,14,0,7,20,0,16,12,12,20,17,16,7,20,15,1,11,17,5,10,11,2,-0.39984890818595886,1102T
0,17,6,13,17,11,2,17,14,9,14,0,7,20,0,16,12,12,20,17,16,7,20,15,1,11,4,5,10,11,2,0.06563536822795868,1102C
0,17,6,13,17,11,2,17,14,9,14,0,7,20,0,16,12,12,20,17,16,7,20,15,1,11,8,5,10,11,2,-0.17105087637901306,1102H
0,17,6,13,17,11,2,17,14,9,14,0,7,20,0,16,12,12,20,17,16,7,20,15,1,11,1,5,10,11,2,-0.23613519966602325,1102R
0,17,6,13,17,11,2,17,14,9,14,0,7,20,0,16,12,12,20,17,16,7,20,15,1,11,6,5,10,11,2,-0.12971608340740204,1102Q
0,17,6,13,17,11,2,17,14,9,14,0,7,20,0,16,12,12,20,17,16,7,20,15,1,11,2,5,10,11,2,-0.15634334087371826,1102N
0,17,6,13,17,11,2,17,14,9,14,0,7,20,0,16,12,12,20,17,16,7,20,15,1,11,3,5,10,11,2,-0.19463525712490082,1102D
0,17,6,13,17,11,2,17,14,9,14,0,7,20,0,16,12,12,20,17,16,7,20,15,1,11,5,5,10,11,2,0.008065128698945045,1102E
0,17,6,13,17,11,2,17,14,9,14,0,7,20,0,16,12,12,20,17,16,7,20,15,1,11,7,5,10,11,2,-0.1218080148100853,1102G
0,17,6,13,17,11,2,17,14,9,14,0,7,20,0,16,12,12,20,17,16,7,20,15,1,11,15,5,10,11,2,-1.0089139938354492,1102P
0,17,6,13,17,11,2,17,14,9,14,0,7,20,0,16,12,12,20,17,16,7,20,15,1,11,12,0,10,11,2,0.9784928560256958,1103A
0,17,6,13,17,11,2,17,14,9,14,0,7,20,0,16,12,12,20,17,16,7,20,15,1,11,12,10,10,11,2,0.7983499765396118,1103I
0,17,6,13,17,11,2,17,14,9,14,0,7,20,0,16,12,12,20,17,16,7,20,15,1,11,12,11,10,11,2,0.9472504258155823,1103L
0,17,6,13,17,11,2,17,14,9,14,0,7,20,0,16,12,12,20,17,16,7,20,15,1,11,12,20,10,11,2,0.9316453337669373,1103V
0,17,6,13,17,11,2,17,14,9,14,0,7,20,0,16,12,12,20,17,16,7,20,15,1,11,12,13,10,11,2,0.8728824257850647,1103M
0,17,6,13,17,11,2,17,14,9,14,0,7,20,0,16,12,12,20,17,16,7,20,15,1,11,12,14,10,11,2,0.7905723452568054,1103F
0,17,6,13,17,11,2,17,14,9,14,0,7,20,0,16,12,12,20,17,16,7,20,15,1,11,12,19,10,11,2,0.8869667649269104,1103Y
0,17,6,13,17,11,2,17,14,9,14,0,7,20,0,16,12,12,20,17,16,7,20,15,1,11,12,18,10,11,2,0.6541110873222351,1103W
0,17,6,13,17,11,2,17,14,9,14,0,7,20,0,16,12,12,20,17,16,7,20,15,1,11,12,16,10,11,2,0.8938559293746948,1103S
0,17,6,13,17,11,2,17,14,9,14,0,7,20,0,16,12,12,20,17,16,7,20,15,1,11,12,17,10,11,2,0.8872777223587036,1103T
0,17,6,13,17,11,2,17,14,9,14,0,7,20,0,16,12,12,20,17,16,7,20,15,1,11,12,4,10,11,2,0.9748379588127136,1103C
0,17,6,13,17,11,2,17,14,9,14,0,7,20,0,16,12,12,20,17,16,7,20,15,1,11,12,8,10,11,2,0.7985808253288269,1103H
0,17,6,13,17,11,2,17,14,9,14,0,7,20,0,16,12,12,20,17,16,7,20,15,1,11,12,12,10,11,2,1.0024136304855347,1103K
0,17,6,13,17,11,2,17,14,9,14,0,7,20,0,16,12,12,20,17,16,7,20,15,1,11,12,1,10,11,2,0.6217086315155029,1103R
0,17,6,13,17,11,2,17,14,9,14,0,7,20,0,16,12,12,20,17,16,7,20,15,1,11,12,6,10,11,2,0.7268961668014526,1103Q
0,17,6,13,17,11,2,17,14,9,14,0,7,20,0,16,12,12,20,17,16,7,20,15,1,11,12,2,10,11,2,0.9121480584144592,1103N
0,17,6,13,17,11,2,17,14,9,14,0,7,20,0,16,12,12,20,17,16,7,20,15,1,11,12,3,10,11,2,0.5655730366706848,1103D
0,17,6,13,17,11,2,17,14,9,14,0,7,20,0,16,12,12,20,17,16,7,20,15,1,11,12,7,10,11,2,0.9669352769851685,1103G
0,17,6,13,17,11,2,17,14,9,14,0,7,20,0,16,12,12,20,17,16,7,20,15,1,11,12,15,10,11,2,-1.0038515329360962,1103P
0,17,6,13,17,11,2,17,14,9,14,0,7,20,0,16,12,12,20,17,16,7,20,15,1,11,12,5,0,11,2,0.24384021759033203,1104A
0,17,6,13,17,11,2,17,14,9,14,0,7,20,0,16,12,12,20,17,16,7,20,15,1,11,12,5,11,11,2,-0.07923343777656555,1104L
0,17,6,13,17,11,2,17,14,9,14,0,7,20,0,16,12,12,20,17,16,7,20,15,1,11,12,5,20,11,2,0.028736921027302742,1104V
0,17,6,13,17,11,2,17,14,9,14,0,7,20,0,16,12,12,20,17,16,7,20,15,1,11,12,5,13,11,2,0.14230521023273468,1104M
0,17,6,13,17,11,2,17,14,9,14,0,7,20,0,16,12,12,20,17,16,7,20,15,1,11,12,5,14,11,2,0.041038691997528076,1104F
0,17,6,13,17,11,2,17,14,9,14,0,7,20,0,16,12,12,20,17,16,7,20,15,1,11,12,5,19,11,2,0.6500659584999084,1104Y
0,17,6,13,17,11,2,17,14,9,14,0,7,20,0,16,12,12,20,17,16,7,20,15,1,11,12,5,18,11,2,-0.08195257186889648,1104W
0,17,6,13,17,11,2,17,14,9,14,0,7,20,0,16,12,12,20,17,16,7,20,15,1,11,12,5,16,11,2,0.3411978483200073,1104S
0,17,6,13,17,11,2,17,14,9,14,0,7,20,0,16,12,12,20,17,16,7,20,15,1,11,12,5,17,11,2,0.2683969736099243,1104T
0,17,6,13,17,11,2,17,14,9,14,0,7,20,0,16,12,12,20,17,16,7,20,15,1,11,12,5,4,11,2,-0.07199126482009888,1104C
0,17,6,13,17,11,2,17,14,9,14,0,7,20,0,16,12,12,20,17,16,7,20,15,1,11,12,5,8,11,2,0.9753122925758362,1104H
0,17,6,13,17,11,2,17,14,9,14,0,7,20,0,16,12,12,20,17,16,7,20,15,1,11,12,5,12,11,2,-0.25327029824256897,1104K
0,17,6,13,17,11,2,17,14,9,14,0,7,20,0,16,12,12,20,17,16,7,20,15,1,11,12,5,1,11,2,-1.0027427673339844,1104R
0,17,6,13,17,11,2,17,14,9,14,0,7,20,0,16,12,12,20,17,16,7,20,15,1,11,12,5,6,11,2,0.4348408579826355,1104Q
0,17,6,13,17,11,2,17,14,9,14,0,7,20,0,16,12,12,20,17,16,7,20,15,1,11,12,5,2,11,2,0.02499295212328434,1104N
0,17,6,13,17,11,2,17,14,9,14,0,7,20,0,16,12,12,20,17,16,7,20,15,1,11,12,5,3,11,2,-0.6243407726287842,1104D
0,17,6,13,17,11,2,17,14,9,14,0,7,20,0,16,12,12,20,17,16,7,20,15,1,11,12,5,5,11,2,-0.16705948114395142,1104E
0,17,6,13,17,11,2,17,14,9,14,0,7,20,0,16,12,12,20,17,16,7,20,15,1,11,12,5,7,11,2,-0.044267624616622925,1104G
0,17,6,13,17,11,2,17,14,9,14,0,7,20,0,16,12,12,20,17,16,7,20,15,1,11,12,5,15,11,2,-1.8918434381484985,1104P
0,17,6,13,17,11,2,17,14,9,14,0,7,20,0,16,12,12,20,17,16,7,20,15,1,11,12,5,10,0,2,-0.38470613956451416,1105A
0,17,6,13,17,11,2,17,14,9,14,0,7,20,0,16,12,12,20,17,16,7,20,15,1,11,12,5,10,10,2,-0.18915335834026337,1105I
0,17,6,13,17,11,2,17,14,9,14,0,7,20,0,16,12,12,20,17,16,7,20,15,1,11,12,5,10,20,2,-0.145517960190773,1105V
0,17,6,13,17,11,2,17,14,9,14,0,7,20,0,16,12,12,20,17,16,7,20,15,1,11,12,5,10,13,2,-0.10302259773015976,1105M
0,17,6,13,17,11,2,17,14,9,14,0,7,20,0,16,12,12,20,17,16,7,20,15,1,11,12,5,10,14,2,-0.20437949895858765,1105F
0,17,6,13,17,11,2,17,14,9,14,0,7,20,0,16,12,12,20,17,16,7,20,15,1,11,12,5,10,19,2,0.01933209039270878,1105Y
0,17,6,13,17,11,2,17,14,9,14,0,7,20,0,16,12,12,20,17,16,7,20,15,1,11,12,5,10,18,2,-0.394814133644104,1105W
0,17,6,13,17,11,2,17,14,9,14,0,7,20,0,16,12,12,20,17,16,7,20,15,1,11,12,5,10,16,2,-0.2863035202026367,1105S
0,17,6,13,17,11,2,17,14,9,14,0,7,20,0,16,12,12,20,17,16,7,20,15,1,11,12,5,10,17,2,-0.4609253406524658,1105T
0,17,6,13,17,11,2,17,14,9,14,0,7,20,0,16,12,12,20,17,16,7,20,15,1,11,12,5,10,4,2,-0.24131086468696594,1105C
0,17,6,13,17,11,2,17,14,9,14,0,7,20,0,16,12,12,20,17,16,7,20,15,1,11,12,5,10,8,2,-0.7552569508552551,1105H
0,17,6,13,17,11,2,17,14,9,14,0,7,20,0,16,12,12,20,17,16,7,20,15,1,11,12,5,10,12,2,-1.026851773262024,1105K
0,17,6,13,17,11,2,17,14,9,14,0,7,20,0,16,12,12,20,17,16,7,20,15,1,11,12,5,10,1,2,-1.5503469705581665,1105R
0,17,6,13,17,11,2,17,14,9,14,0,7,20,0,16,12,12,20,17,16,7,20,15,1,11,12,5,10,6,2,-0.7183449268341064,1105Q
0,17,6,13,17,11,2,17,14,9,14,0,7,20,0,16,12,12,20,17,16,7,20,15,1,11,12,5,10,2,2,-0.010643763467669487,1105N
0,17,6,13,17,11,2,17,14,9,14,0,7,20,0,16,12,12,20,17,16,7,20,15,1,11,12,5,10,3,2,-1.0174223184585571,1105D
0,17,6,13,17,11,2,17,14,9,14,0,7,20,0,16,12,12,20,17,16,7,20,15,1,11,12,5,10,5,2,-1.046565294265747,1105E
0,17,6,13,17,11,2,17,14,9,14,0,7,20,0,16,12,12,20,17,16,7,20,15,1,11,12,5,10,7,2,-1.3718503713607788,1105G
0,17,6,13,17,11,2,17,14,9,14,0,7,20,0,16,12,12,20,17,16,7,20,15,1,11,12,5,10,15,2,-0.9058182239532471,1105P
0,17,6,13,17,11,2,17,14,9,14,0,7,20,0,16,12,12,20,17,16,7,20,15,1,11,12,5,10,11,0,0.20153912901878357,1106A
0,17,6,13,17,11,2,17,14,9,14,0,7,20,0,16,12,12,20,17,16,7,20,15,1,11,12,5,10,11,10,-0.005705084651708603,1106I
0,17,6,13,17,11,2,17,14,9,14,0,7,20,0,16,12,12,20,17,16,7,20,15,1,11,12,5,10,11,11,0.0076688844710588455,1106L
0,17,6,13,17,11,2,17,14,9,14,0,7,20,0,16,12,12,20,17,16,7,20,15,1,11,12,5,10,11,20,-0.11122752726078033,1106V
0,17,6,13,17,11,2,17,14,9,14,0,7,20,0,16,12,12,20,17,16,7,20,15,1,11,12,5,10,11,13,0.03885994851589203,1106M
0,17,6,13,17,11,2,17,14,9,14,0,7,20,0,16,12,12,20,17,16,7,20,15,1,11,12,5,10,11,14,-1.012418270111084,1106F
0,17,6,13,17,11,2,17,14,9,14,0,7,20,0,16,12,12,20,17,16,7,20,15,1,11,12,5,10,11,19,-0.3547266721725464,1106Y
0,17,6,13,17,11,2,17,14,9,14,0,7,20,0,16,12,12,20,17,16,7,20,15,1,11,12,5,10,11,18,-0.8220050930976868,1106W
0,17,6,13,17,11,2,17,14,9,14,0,7,20,0,16,12,12,20,17,16,7,20,15,1,11,12,5,10,11,16,-0.08562979847192764,1106S
0,17,6,13,17,11,2,17,14,9,14,0,7,20,0,16,12,12,20,17,16,7,20,15,1,11,12,5,10,11,17,0.022600466385483742,1106T
0,17,6,13,17,11,2,17,14,9,14,0,7,20,0,16,12,12,20,17,16,7,20,15,1,11,12,5,10,11,4,-0.06314750015735626,1106C
0,17,6,13,17,11,2,17,14,9,14,0,7,20,0,16,12,12,20,17,16,7,20,15,1,11,12,5,10,11,8,-0.16967986524105072,1106H
0,17,6,13,17,11,2,17,14,9,14,0,7,20,0,16,12,12,20,17,16,7,20,15,1,11,12,5,10,11,12,0.1534879356622696,1106K
0,17,6,13,17,11,2,17,14,9,14,0,7,20,0,16,12,12,20,17,16,7,20,15,1,11,12,5,10,11,1,0.2844970226287842,1106R
0,17,6,13,17,11,2,17,14,9,14,0,7,20,0,16,12,12,20,17,16,7,20,15,1,11,12,5,10,11,6,0.09280826151371002,1106Q
0,17,6,13,17,11,2,17,14,9,14,0,7,20,0,16,12,12,20,17,16,7,20,15,1,11,12,5,10,11,3,-0.4986523687839508,1106D
0,17,6,13,17,11,2,17,14,9,14,0,7,20,0,16,12,12,20,17,16,7,20,15,1,11,12,5,10,11,5,-0.3209092617034912,1106E
0,17,6,13,17,11,2,17,14,9,14,0,7,20,0,16,12,12,20,17,16,7,20,15,1,11,12,5,10,11,7,-0.2777164578437805,1106G
0,17,6,13,17,11,2,17,14,9,14,0,7,20,0,16,12,12,20,17,16,7,20,15,1,11,12,5,10,11,15,-0.7586084604263306,1106P
